week_start,target_ton,progress_ratio,realized_ton,differential,pit_id_num,stockpile_num,effective_capacity_ton,total_active_equipment,avg_operating_hours,breakdown_trucks,predicted_repair_hours,road_condition_score,expected_cycle_time_min,effective_truck_throughput_week,realized_vs_capacity_ratio,effective_capacity_prev,capacity_utilization_change,breakdown_impact,realized_ton_lag1,realized_ton_lag2,realized_ton_roll_4w,equipment_supply_index,incoming_production_ton,stock_change,stock_coverage_weeks,shortage_flag,rolling_sum_inflow_4w,rolling_sum_outflow_4w,cumulative_deficit,available_trucks,utilization_pct,capacity_ton,tonnage_last_week,effective_capacity_ton_prev,heavy_rain_flag,weather_index,he_supply_index,excavator_active,dozer_active,grader_active,maintenance_units,fuel_burn_rate_lph,potential_breakdown_flag,wind_alert_flag,weather_lag1,weather_trend_4w,pit_weather_index,rom_weather_index,jetty_weather_index,equipment_supply_index_calc,breakdown_impact_calc,avg_operating_hours_lag1,avg_operating_hours_lag2,fuel_burn_rate_lph_roll_4w,current_stock_ton,planned_loading_ton,stock_after_loading_ton,stockpile_id_num,ship_required_ton,stock_after_vs_demand,ship_to_stock_ratio,reallocation_needed_flag,queued_ships_estimate,tonnage_moved_ton,trip_count,weekly_truck_supply_ton,weekly_ship_demand_ton,supply_alignment_ratio,truck_to_ship_utilization,rain_total_mm,rain_peak_mm,temp_avg_c,wind_avg_mps,radiation_avg_wm2,humidity_avg_pct,cloud_cover_avg_pct,storm_flag
2023-01-02,9860,0.889,8761,-1099,1,1,0.0,0.0,0.0,0.0,0.0,0.0,0.0,0.0,0.0,0.0,0.0,0.0,0.0,0.0,8761.0,0.0,0.0,0.0,0.0,0.0,0.0,0.0,0.0,24,81.11,45,10000,0.0,0.0,0.0,0.0,21,13,3,3,18.3,0,0.0,0.0,0.0,0.0,0.0,0.0,647.5,3,0.0,0.0,18.3,63654,20860,88589,1,0.0,0.0,0.0,0.0,0.0,9416.0,369,158820.8,158820.8,20.0,20.0,136.98,9.77,26.464285714285715,1.4449999999999998,14.527142857142858,86.02428571428571,95.82428571428572,0
2023-01-09,12772,0.858,10955,-1817,1,1,0.0,0.0,0.0,0.0,0.0,0.0,0.0,0.0,0.0,0.0,0.0,0.0,8761.0,0.0,9858.0,0.0,0.0,0.0,0.0,0.0,0.0,0.0,0.0,28,91.19,45,9266,876.04,0.0,0.0,0.0,18,8,5,9,24.0,0,0.0,0.0,0.0,0.0,0.0,0.0,517.6999999999999,9,17.5,0.0,21.15,88589,64732,92015,1,0.0,0.0,0.0,0.0,0.0,7015.2,260,95997.4,95997.4,20.0,20.0,125.91,8.67,26.66428571428572,1.1164285714285715,14.942857142857145,84.51142857142857,89.35428571428572,0
2023-01-16,12092,0.793,9592,-2500,1,1,0.0,0.0,0.0,0.0,0.0,0.0,0.0,0.0,0.0,0.0,0.0,0.0,10955.0,8761.0,9769.333333333334,0.0,0.0,0.0,0.0,0.0,0.0,0.0,0.0,18,72.86,50,9281,1148.96,0.0,0.0,0.0,22,8,5,4,23.7,0,0.0,0.0,0.0,0.0,0.0,0.0,563.5,4,16.7,17.5,22.0,92015,26265,107034,1,0.0,0.0,0.0,0.0,0.0,8220.0,309,164400.0,164400.0,20.0,20.0,323.94,22.0,26.790714285714287,0.9614285714285716,14.712857142857144,84.74428571428572,92.18,0
2023-01-23,9466,0.76,7189,-2277,1,1,0.0,0.0,0.0,0.0,0.0,0.0,0.0,0.0,0.0,0.0,0.0,0.0,9592.0,10955.0,9124.25,0.0,0.0,0.0,0.0,0.0,0.0,0.0,0.0,31,81.7,50,10128,655.77,0.0,0.0,0.0,19,8,4,8,28.0,0,0.0,0.0,0.0,0.0,0.0,0.0,455.7,8,16.1,16.7,23.5,107034,57194,96690,1,0.0,0.0,0.0,0.0,0.0,7477.5,281,127117.5,127117.5,17.0,17.0,353.04,17.79,26.252142857142854,1.302142857142857,11.511428571428572,87.30071428571429,99.23857142857142,0
2023-01-30,13426,0.831,11162,-2264,1,1,0.0,0.0,0.0,0.0,0.0,0.0,0.0,0.0,0.0,0.0,0.0,0.0,7189.0,9592.0,9724.5,0.0,0.0,0.0,0.0,0.0,0.0,0.0,0.0,20,90.44,45,10195,1266.29,0.0,0.0,0.0,21,10,5,8,21.7,0,0.0,0.0,0.0,0.0,0.0,0.0,518.4,8,14.7,16.1,24.35,96690,67191,81461,1,0.0,0.0,0.0,0.0,0.0,10415.5,402,197894.5,197894.5,19.0,19.0,218.04,10.92,26.41142857142857,1.279285714285714,13.668571428571427,86.18642857142856,98.58857142857144,0
2023-02-06,12444,1.031,12831,387,1,1,0.0,0.0,0.0,0.0,0.0,0.0,0.0,0.0,0.0,0.0,0.0,0.0,11162.0,7189.0,10193.5,0.0,0.0,0.0,0.0,0.0,0.0,0.0,0.0,27,83.47,50,9236,813.96,0.0,0.0,0.0,24,13,4,3,27.8,1,0.0,0.0,0.0,0.0,0.0,0.0,848.6999999999999,3,14.4,14.7,25.3,81461,36023,119569,1,0.0,0.0,0.0,0.0,0.0,10568.2,379,184928.80000000002,184928.80000000002,20.0,20.0,124.62,13.89,26.572857142857146,1.58,16.654285714285713,85.53428571428572,97.11142857142856,0
2023-02-13,12171,0.827,10061,-2110,1,1,0.0,0.0,0.0,0.0,0.0,0.0,0.0,0.0,0.0,0.0,0.0,0.0,12831.0,11162.0,10310.75,0.0,0.0,0.0,0.0,0.0,0.0,0.0,0.0,25,89.55,45,9514,1126.9,0.0,0.0,0.0,17,8,4,7,29.6,0,0.0,0.0,0.0,0.0,0.0,0.0,577.0999999999999,7,20.7,14.4,26.775,119569,21685,168974,1,0.0,0.0,0.0,0.0,0.0,7028.5,268,118460.2,118460.2,20.0,20.0,366.75,24.05,26.34642857142857,1.5257142857142856,16.857142857142858,86.87142857142857,92.71142857142856,0
2023-02-20,11919,0.891,10622,-1297,1,1,0.0,0.0,0.0,0.0,0.0,0.0,0.0,0.0,0.0,0.0,0.0,0.0,10061.0,12831.0,11169.0,0.0,0.0,0.0,0.0,0.0,0.0,0.0,0.0,27,87.74,45,9335,1007.46,0.0,0.0,0.0,21,11,4,7,19.1,0,0.0,0.0,0.0,0.0,0.0,0.0,594.0,7,19.9,20.7,24.55,168974,22433,177310,1,0.0,0.0,0.0,0.0,0.0,10796.9,409,166632.19999999998,166632.19999999998,20.0,20.0,361.2,21.44,26.557857142857145,1.3064285714285715,13.89857142857143,88.76071428571429,96.36,0
2023-02-27,9130,0.952,8691,-439,1,1,0.0,0.0,0.0,0.0,0.0,0.0,0.0,0.0,0.0,0.0,0.0,0.0,10622.0,10061.0,10551.25,0.0,0.0,0.0,0.0,0.0,0.0,0.0,0.0,31,90.95,35,8336,1066.06,0.0,0.0,0.0,22,12,4,3,27.5,1,0.0,0.0,0.0,0.0,0.0,0.0,786.6,3,16.5,19.9,26.0,177310,57819,154802,1,0.0,0.0,0.0,0.0,0.0,6820.6,260,118507.0,118507.0,20.0,20.0,375.81,28.37,26.125,1.7171428571428573,15.031428571428572,86.91928571428572,97.9,1
2023-03-06,10685,0.84,8975,-1710,1,1,0.0,0.0,0.0,0.0,0.0,0.0,0.0,0.0,0.0,0.0,0.0,0.0,8691.0,10622.0,9587.25,0.0,0.0,0.0,0.0,0.0,0.0,0.0,0.0,25,79.65,35,7473,986.83,0.0,0.0,0.0,19,8,4,7,25.1,0,0.0,0.0,0.0,0.0,0.0,0.0,579.6999999999999,7,20.7,16.5,25.325000000000003,154802,37568,186422,1,0.0,0.0,0.0,0.0,0.0,7977.0,293,107793.8,107793.8,20.0,20.0,298.74,10.95,26.810714285714283,1.477142857142857,17.444285714285712,86.1392857142857,88.63571428571429,0
2023-03-13,9769,1.041,10166,397,1,1,0.0,0.0,0.0,0.0,0.0,0.0,0.0,0.0,0.0,0.0,0.0,0.0,8975.0,8691.0,9613.5,0.0,0.0,0.0,0.0,0.0,0.0,0.0,0.0,18,76.43,35,7453,696.96,0.0,0.0,0.0,18,10,3,9,23.8,0,0.0,0.0,0.0,0.0,0.0,0.0,539.4,9,18.7,20.7,23.875000000000004,186422,48693,187498,1,0.0,0.0,0.0,0.0,0.0,8768.4,321,94843.0,94843.0,20.0,20.0,379.71,43.03,26.88142857142857,1.2278571428571428,17.35142857142857,85.00428571428571,83.29,1
2023-03-20,11391,1.038,11819,428,1,1,0.0,0.0,0.0,0.0,0.0,0.0,0.0,0.0,0.0,0.0,0.0,0.0,10166.0,8975.0,9912.75,0.0,0.0,0.0,0.0,0.0,0.0,0.0,0.0,28,81.36,45,8280,481.52,0.0,0.0,0.0,22,13,5,9,23.0,0,0.0,0.0,0.0,0.0,0.0,0.0,700.0,9,17.4,18.7,24.85,187498,47480,176414,1,0.0,0.0,0.0,0.0,0.0,7458.1,295,126996.2,126996.2,20.0,20.0,326.07,28.6,26.785,1.540714285714286,16.414285714285715,87.255,90.56,1
2023-03-27,11433,0.803,9181,-2252,1,1,0.0,0.0,0.0,0.0,0.0,0.0,0.0,0.0,0.0,0.0,0.0,0.0,11819.0,10166.0,10035.25,0.0,0.0,0.0,0.0,0.0,0.0,0.0,0.0,29,73.4,35,9358,1025.15,0.0,0.0,0.0,22,10,4,7,27.4,0,0.0,0.0,0.0,0.0,0.0,0.0,525.6,7,17.5,17.4,24.825,176414,45658,202190,1,0.0,0.0,0.0,0.0,0.0,8002.200000000001,308,129873.2,129873.2,20.0,20.0,301.17,16.32,26.552857142857142,1.1907142857142856,14.284285714285716,85.96857142857142,97.28,0
2023-04-03,10184,0.884,9003,-1181,1,1,0.0,0.0,0.0,0.0,0.0,0.0,0.0,0.0,0.0,0.0,0.0,0.0,9181.0,11819.0,10042.25,0.0,0.0,0.0,0.0,0.0,0.0,0.0,0.0,23,84.26,35,10304,744.97,0.0,0.0,0.0,17,8,5,8,25.7,0,0.0,0.0,0.0,0.0,0.0,0.0,438.0,8,14.6,17.5,24.975,202190,38431,212701,1,0.0,0.0,0.0,0.0,0.0,10395.1,384,177219.0,177219.0,20.0,20.0,520.47,54.19,26.56928571428572,1.3407142857142855,15.044285714285715,85.17785714285714,88.25285714285714,1
2023-04-10,13555,0.819,11105,-2450,1,1,0.0,0.0,0.0,0.0,0.0,0.0,0.0,0.0,0.0,0.0,0.0,0.0,9003.0,9181.0,10277.0,0.0,0.0,0.0,0.0,0.0,0.0,0.0,0.0,31,65.69,35,10132,678.27,0.0,0.0,0.0,20,13,5,7,27.7,0,0.0,0.0,0.0,0.0,0.0,0.0,691.6,7,14.6,14.6,25.95,212701,20189,225259,1,0.0,0.0,0.0,0.0,0.0,7888.5,297,123156.2,123156.2,20.0,20.0,157.68,6.87,27.298571428571428,1.2307142857142856,15.244285714285716,86.99,76.97857142857144,0
2023-04-17,12385,0.814,10081,-2304,1,1,0.0,0.0,0.0,0.0,0.0,0.0,0.0,0.0,0.0,0.0,0.0,0.0,11105.0,9003.0,9842.5,0.0,0.0,0.0,0.0,0.0,0.0,0.0,0.0,21,81.32,50,9795,712.7,0.0,0.0,0.0,19,12,4,9,28.8,0,0.0,0.0,0.0,0.0,0.0,0.0,626.5,9,18.2,14.6,27.4,225259,55773,218604,1,0.0,0.0,0.0,0.0,0.0,7500.8,280,133488.2,133488.2,20.0,20.0,279.81,25.26,27.68357142857143,1.0514285714285714,19.607142857142858,85.18142857142857,83.62857142857143,1
2023-04-24,13117,0.732,9603,-3514,1,1,0.0,0.0,0.0,0.0,0.0,0.0,0.0,0.0,0.0,0.0,0.0,0.0,10081.0,11105.0,9948.0,0.0,0.0,0.0,0.0,0.0,0.0,0.0,0.0,24,90.1,35,9135,853.85,0.0,0.0,0.0,16,8,3,5,25.4,0,0.0,0.0,0.0,0.0,0.0,0.0,418.5,5,17.9,18.2,26.9,218604,21267,229236,1,0.0,0.0,0.0,0.0,0.0,10433.3,402,184034.3,184034.3,20.0,20.0,604.35,38.57,27.55,1.397857142857143,16.45285714285714,85.905,84.77428571428571,1
2023-05-01,13843,0.921,12751,-1092,1,1,0.0,0.0,0.0,0.0,0.0,0.0,0.0,0.0,0.0,0.0,0.0,0.0,9603.0,10081.0,10885.0,0.0,0.0,0.0,0.0,0.0,0.0,0.0,0.0,23,76.25,45,9532,756.86,0.0,0.0,0.0,22,10,4,6,29.8,0,0.0,0.0,0.0,0.0,0.0,0.0,741.6,6,15.5,17.9,27.925,229236,31394,259393,1,0.0,0.0,0.0,0.0,0.0,9332.0,359,158504.0,158504.0,20.0,20.0,183.18,12.28,28.01,1.3742857142857143,18.154285714285717,86.25285714285714,75.75142857142858,0
2023-05-08,11904,0.886,10545,-1359,1,1,0.0,0.0,0.0,0.0,0.0,0.0,0.0,0.0,0.0,0.0,0.0,0.0,12751.0,9603.0,10745.0,0.0,0.0,0.0,0.0,0.0,0.0,0.0,0.0,24,71.15,45,9686,789.14,0.0,0.0,0.0,20,9,3,4,25.3,0,0.0,0.0,0.0,0.0,0.0,0.0,624.0,4,20.6,15.5,27.325,259393,23890,269059,1,0.0,0.0,0.0,0.0,0.0,8602.7,304,154848.6,154848.6,18.0,18.0,288.51,14.46,27.78071428571429,1.2457142857142858,16.731428571428573,85.91928571428572,75.17285714285715,0
2023-05-15,9474,0.737,6982,-2492,1,1,0.0,0.0,0.0,0.0,0.0,0.0,0.0,0.0,0.0,0.0,0.0,0.0,10545.0,12751.0,9970.25,0.0,0.0,0.0,0.0,0.0,0.0,0.0,0.0,24,78.09,35,9458,768.47,0.0,0.0,0.0,16,11,5,5,25.6,0,0.0,0.0,0.0,0.0,0.0,0.0,473.6,5,19.5,20.6,26.525,269059,50740,289925,1,0.0,0.0,0.0,0.0,0.0,7902.3,292,129399.8,129399.8,20.0,20.0,285.93,11.54,27.15571428571429,1.7085714285714286,14.22857142857143,88.44428571428571,86.52428571428571,0
2023-05-22,10082,0.812,8186,-1896,1,1,0.0,0.0,0.0,0.0,0.0,0.0,0.0,0.0,0.0,0.0,0.0,0.0,6982.0,10545.0,9616.0,0.0,0.0,0.0,0.0,0.0,0.0,0.0,0.0,28,74.82,35,9515,655.96,0.0,0.0,0.0,19,10,3,7,24.7,0,0.0,0.0,0.0,0.0,0.0,0.0,656.0,7,14.8,19.5,26.35,289925,41777,292650,1,0.0,0.0,0.0,0.0,0.0,7477.2,289,142066.8,142066.8,19.0,19.0,352.02,15.01,27.087857142857143,1.9221428571428567,15.411428571428573,89.42214285714286,79.31857142857143,0
2023-05-29,11558,1.02,11786,228,1,1,0.0,0.0,0.0,0.0,0.0,0.0,0.0,0.0,0.0,0.0,0.0,0.0,8186.0,6982.0,9374.75,0.0,0.0,0.0,0.0,0.0,0.0,0.0,0.0,24,66.0,35,8878,733.22,0.0,0.0,0.0,15,13,3,8,19.1,0,0.0,0.0,0.0,0.0,0.0,0.0,644.8000000000001,8,20.5,14.8,23.675,292650,28792,304485,1,0.0,0.0,0.0,0.0,0.0,9832.7,387,166684.6,166684.6,20.0,20.0,78.12,3.5,27.46142857142857,2.0128571428571425,18.391428571428573,89.45214285714285,69.49571428571429,0
2023-06-05,11047,0.799,8827,-2220,1,1,0.0,0.0,0.0,0.0,0.0,0.0,0.0,0.0,0.0,0.0,0.0,0.0,11786.0,8186.0,8945.25,0.0,0.0,0.0,0.0,0.0,0.0,0.0,0.0,23,74.32,35,7679,554.37,0.0,0.0,0.0,24,8,3,3,26.7,0,0.0,0.0,0.0,0.0,0.0,0.0,735.0,3,20.8,20.5,24.025,304485,63021,314787,1,0.0,0.0,0.0,0.0,0.0,7508.5,283,150170.0,150170.0,20.0,20.0,480.39,26.68,27.014285714285712,1.73,16.93285714285714,89.02142857142857,74.23285714285714,1
2023-06-12,11747,0.768,9019,-2728,1,1,0.0,0.0,0.0,0.0,0.0,0.0,0.0,0.0,0.0,0.0,0.0,0.0,8827.0,11786.0,9454.5,0.0,0.0,0.0,0.0,0.0,0.0,0.0,0.0,29,74.98,35,8140,598.25,0.0,0.0,0.0,20,11,5,7,24.6,1,0.0,0.0,0.0,0.0,0.0,0.0,518.4,7,21.0,20.8,23.775,314787,63001,290219,1,0.0,0.0,0.0,0.0,0.0,7678.0,301,99744.4,99744.4,20.0,20.0,232.41,13.06,26.952142857142857,1.0642857142857145,11.76,85.70785714285714,91.09,0
2023-06-19,9975,0.882,8793,-1182,1,1,0.0,0.0,0.0,0.0,0.0,0.0,0.0,0.0,0.0,0.0,0.0,0.0,9019.0,8827.0,9606.25,0.0,0.0,0.0,0.0,0.0,0.0,0.0,0.0,22,87.55,50,7706,761.05,0.0,0.0,0.0,23,8,5,8,23.4,0,0.0,0.0,0.0,0.0,0.0,0.0,691.1999999999999,8,14.4,21.0,23.450000000000003,290219,43897,287338,1,0.0,0.0,0.0,0.0,0.0,8678.0,330,145733.6,145733.6,20.0,20.0,154.35,23.52,26.732857142857146,1.7357142857142858,15.628571428571428,87.06214285714286,79.8157142857143,0
2023-06-26,10806,1.045,11295,489,1,1,0.0,0.0,0.0,0.0,0.0,0.0,0.0,0.0,0.0,0.0,0.0,0.0,8793.0,9019.0,9483.5,0.0,0.0,0.0,0.0,0.0,0.0,0.0,0.0,28,74.41,50,8300,963.08,0.0,0.0,0.0,15,13,3,6,28.9,1,0.0,0.0,0.0,0.0,0.0,0.0,551.8000000000001,6,19.2,14.4,25.9,287338,43483,276467,1,0.0,0.0,0.0,0.0,0.0,9231.8,355,159197.0,159197.0,20.0,20.0,341.19,41.28,27.204285714285717,1.2964285714285713,16.978571428571428,86.86857142857143,64.86,1
2023-07-03,9189,0.8,7350,-1839,1,1,0.0,0.0,0.0,0.0,0.0,0.0,0.0,0.0,0.0,0.0,0.0,0.0,11295.0,8793.0,9114.25,0.0,0.0,0.0,0.0,0.0,0.0,0.0,0.0,25,74.21,35,8943,1041.8,0.0,0.0,0.0,24,8,3,7,21.6,0,0.0,0.0,0.0,0.0,0.0,0.0,661.5,7,17.8,19.2,24.625,276467,37159,317863,1,0.0,0.0,0.0,0.0,0.0,7269.8,284,130856.40000000001,130856.40000000001,18.0,18.0,225.09,11.81,26.625714285714285,1.2285714285714286,15.02,86.22071428571428,87.32571428571428,0
2023-07-10,11734,0.942,11051,-683,1,1,0.0,0.0,0.0,0.0,0.0,0.0,0.0,0.0,0.0,0.0,0.0,0.0,7350.0,11295.0,9622.25,0.0,0.0,0.0,0.0,0.0,0.0,0.0,0.0,31,91.52,35,9712,649.33,0.0,0.0,0.0,17,9,4,9,24.3,0,0.0,0.0,0.0,0.0,0.0,0.0,624.0,9,18.9,17.8,24.55,317863,60994,331843,1,0.0,0.0,0.0,0.0,0.0,8226.1,314,123696.09999999999,123696.09999999999,20.0,20.0,19.02,0.75,26.56357142857143,2.1135714285714284,13.634285714285712,87.75714285714287,90.56285714285714,0
2023-07-17,12005,0.971,11660,-345,1,1,0.0,0.0,0.0,0.0,0.0,0.0,0.0,0.0,0.0,0.0,0.0,0.0,11051.0,7350.0,10339.0,0.0,0.0,0.0,0.0,0.0,0.0,0.0,0.0,31,84.6,50,10561,992.98,0.0,0.0,0.0,21,11,3,3,26.4,1,0.0,0.0,0.0,0.0,0.0,0.0,658.0,3,20.8,18.9,25.3,331843,55920,320464,1,0.0,0.0,0.0,0.0,0.0,9664.3,361,170749.90000000002,170749.90000000002,20.0,20.0,222.78,19.03,26.802142857142854,2.3135714285714286,15.038571428571428,89.02714285714285,90.2357142857143,0
2023-07-24,13658,0.798,10904,-2754,1,1,0.0,0.0,0.0,0.0,0.0,0.0,0.0,0.0,0.0,0.0,0.0,0.0,11660.0,11051.0,10241.25,0.0,0.0,0.0,0.0,0.0,0.0,0.0,0.0,25,90.38,35,9764,1311.31,0.0,0.0,0.0,18,11,4,8,27.6,1,0.0,0.0,0.0,0.0,0.0,0.0,656.6999999999999,8,18.8,20.8,24.975,320464,21585,355410,1,0.0,0.0,0.0,0.0,0.0,8725.0,342,147678.80000000002,147678.80000000002,20.0,20.0,2.76,0.49,26.801428571428573,2.927142857142857,20.772857142857145,85.35000000000001,42.32142857142857,0
2023-07-31,10899,0.96,10466,-433,1,1,0.0,0.0,0.0,0.0,0.0,0.0,0.0,0.0,0.0,0.0,0.0,0.0,10904.0,11660.0,11020.25,0.0,0.0,0.0,0.0,0.0,0.0,0.0,0.0,31,84.23,35,10448,790.86,0.0,0.0,0.0,23,13,3,8,23.5,0,0.0,0.0,0.0,0.0,0.0,0.0,783.9000000000001,8,19.9,18.8,25.450000000000003,355410,43939,345414,1,0.0,0.0,0.0,0.0,0.0,10677.9,394,169194.19999999998,169194.19999999998,20.0,20.0,88.59,7.84,27.18357142857143,1.9835714285714283,20.362857142857145,85.9992857142857,44.080000000000005,0
2023-08-07,10267,0.841,8638,-1629,1,1,0.0,0.0,0.0,0.0,0.0,0.0,0.0,0.0,0.0,0.0,0.0,0.0,10466.0,10904.0,10417.0,0.0,0.0,0.0,0.0,0.0,0.0,0.0,0.0,21,79.65,50,9645,913.88,0.0,0.0,0.0,17,9,4,8,28.1,0,0.0,0.0,0.0,0.0,0.0,0.0,597.0,8,20.1,19.9,26.4,345414,21021,373850,1,0.0,0.0,0.0,0.0,0.0,9493.9,357,150259.8,150259.8,20.0,20.0,93.78,10.11,26.764285714285712,2.667857142857143,19.272857142857145,85.74285714285713,65.66571428571429,0
2023-08-14,10528,0.929,9776,-752,1,1,0.0,0.0,0.0,0.0,0.0,0.0,0.0,0.0,0.0,0.0,0.0,0.0,8638.0,10466.0,9946.0,0.0,0.0,0.0,0.0,0.0,0.0,0.0,0.0,31,74.45,35,8914,836.31,0.0,0.0,0.0,19,10,5,6,27.2,1,0.0,0.0,0.0,0.0,0.0,0.0,578.0,6,19.9,20.1,26.6,373850,63573,351930,1,0.0,0.0,0.0,0.0,0.0,9807.7,355,196154.0,196154.0,20.0,20.0,12.93,0.7,26.848571428571432,2.435714285714285,20.108571428571427,85.74642857142857,74.71857142857142,0
2023-08-21,12202,0.929,11336,-866,1,1,0.0,0.0,0.0,0.0,0.0,0.0,0.0,0.0,0.0,0.0,0.0,0.0,9776.0,8638.0,10054.0,0.0,0.0,0.0,0.0,0.0,0.0,0.0,0.0,18,65.66,35,10045,807.81,0.0,0.0,0.0,17,8,3,7,18.8,0,0.0,0.0,0.0,0.0,0.0,0.0,436.8,7,17.0,19.9,24.4,351930,60757,334590,1,0.0,0.0,0.0,0.0,0.0,8070.6,301,143923.8,143923.8,20.0,20.0,214.92,19.74,27.122142857142855,2.2585714285714285,17.791428571428572,85.47857142857143,71.82714285714285,0
2023-08-28,12556,0.897,11260,-1296,1,1,0.0,0.0,0.0,0.0,0.0,0.0,0.0,0.0,0.0,0.0,0.0,0.0,11336.0,9776.0,10252.5,0.0,0.0,0.0,0.0,0.0,0.0,0.0,0.0,31,90.06,35,8861,413.64,0.0,0.0,0.0,21,12,3,6,18.6,0,0.0,0.0,0.0,0.0,0.0,0.0,604.8000000000001,6,15.6,17.0,23.175,334590,65758,308524,1,0.0,0.0,0.0,0.0,0.0,10721.6,405,167958.40000000002,167958.40000000002,20.0,20.0,1.14,0.24,27.08857142857143,3.060714285714286,21.318571428571428,82.70142857142858,43.642857142857146,0
2023-09-04,12890,0.75,9664,-3226,1,1,0.0,0.0,0.0,0.0,0.0,0.0,0.0,0.0,0.0,0.0,0.0,0.0,11260.0,11336.0,10509.0,0.0,0.0,0.0,0.0,0.0,0.0,0.0,0.0,20,73.25,50,7962,977.2,0.0,0.0,0.0,19,8,3,4,25.4,1,0.0,0.0,0.0,0.0,0.0,0.0,606.0,4,16.8,15.6,22.5,308524,25675,319722,1,0.0,0.0,0.0,0.0,0.0,8510.9,318,95803.0,95803.0,20.0,20.0,289.62,32.07,27.447142857142858,2.2607142857142857,19.097142857142856,83.25857142857143,77.61571428571429,1
2023-09-11,9646,0.996,9604,-42,1,1,0.0,0.0,0.0,0.0,0.0,0.0,0.0,0.0,0.0,0.0,0.0,0.0,9664.0,11260.0,10466.0,0.0,0.0,0.0,0.0,0.0,0.0,0.0,0.0,19,81.61,45,7946,732.54,0.0,0.0,0.0,23,8,3,4,22.2,1,0.0,0.0,0.0,0.0,0.0,0.0,510.0,4,20.2,16.8,21.25,319722,57065,292818,1,0.0,0.0,0.0,0.0,0.0,7830.400000000001,281,137299.0,137299.0,20.0,20.0,288.12,20.29,27.177857142857142,1.4635714285714283,17.494285714285713,84.38428571428571,79.59428571428572,0
2023-09-18,11888,0.826,9817,-2071,1,1,0.0,0.0,0.0,0.0,0.0,0.0,0.0,0.0,0.0,0.0,0.0,0.0,9604.0,9664.0,10086.25,0.0,0.0,0.0,0.0,0.0,0.0,0.0,0.0,28,87.91,35,8432,697.72,0.0,0.0,0.0,21,10,4,7,20.5,1,0.0,0.0,0.0,0.0,0.0,0.0,616.0,7,15.0,20.2,21.675,292818,53763,295612,1,0.0,0.0,0.0,0.0,0.0,6924.9,269,117723.29999999999,117723.29999999999,17.0,17.0,91.08,9.36,27.31571428571429,2.692142857142857,19.3,83.98071428571428,68.78714285714285,0
2023-09-25,11435,0.782,8937,-2498,1,1,0.0,0.0,0.0,0.0,0.0,0.0,0.0,0.0,0.0,0.0,0.0,0.0,9817.0,9604.0,9505.5,0.0,0.0,0.0,0.0,0.0,0.0,0.0,0.0,30,71.92,35,7477,861.56,0.0,0.0,0.0,16,8,3,9,25.0,1,0.0,0.0,0.0,0.0,0.0,0.0,421.2,9,17.6,15.0,23.275,295612,31534,326684,1,0.0,0.0,0.0,0.0,0.0,9552.8,362,166446.19999999998,166446.19999999998,20.0,20.0,12.48,0.95,27.71071428571428,2.415714285714285,21.768571428571427,80.755,52.77428571428571,0
2023-10-02,9600,0.733,7041,-2559,1,1,0.0,0.0,0.0,0.0,0.0,0.0,0.0,0.0,0.0,0.0,0.0,0.0,8937.0,9817.0,8849.75,0.0,0.0,0.0,0.0,0.0,0.0,0.0,0.0,21,75.14,45,7806,755.13,0.0,0.0,0.0,18,9,5,6,22.1,1,0.0,0.0,0.0,0.0,0.0,0.0,579.2,6,15.6,17.6,22.450000000000003,326684,60397,325414,1,0.0,0.0,0.0,0.0,0.0,8073.8,304,131070.8,131070.8,20.0,20.0,192.54,16.14,28.197857142857146,1.604285714285714,20.928571428571427,80.26857142857143,56.19285714285714,0
2023-10-09,11363,0.915,10397,-966,1,1,0.0,0.0,0.0,0.0,0.0,0.0,0.0,0.0,0.0,0.0,0.0,0.0,7041.0,8937.0,9048.0,0.0,0.0,0.0,0.0,0.0,0.0,0.0,0.0,23,91.51,45,8429,710.08,0.0,0.0,0.0,23,9,5,3,24.4,0,0.0,0.0,0.0,0.0,0.0,0.0,740.0,3,18.1,15.6,23.0,325414,21016,360249,1,0.0,0.0,0.0,0.0,0.0,11677.3,440,212721.1,212721.1,20.0,20.0,174.54,11.16,27.97714285714285,1.7414285714285715,19.802857142857142,82.14785714285715,71.05142857142857,0
2023-10-16,11061,0.944,10437,-624,1,1,0.0,0.0,0.0,0.0,0.0,0.0,0.0,0.0,0.0,0.0,0.0,0.0,10397.0,7041.0,9203.0,0.0,0.0,0.0,0.0,0.0,0.0,0.0,0.0,18,87.21,45,9590,947.13,0.0,0.0,0.0,16,11,3,8,23.5,0,0.0,0.0,0.0,0.0,0.0,0.0,606.0,8,20.0,18.1,23.75,360249,44276,370226,1,0.0,0.0,0.0,0.0,0.0,9533.4,354,190668.0,190668.0,20.0,20.0,266.49,13.55,27.654285714285717,1.2992857142857144,18.591428571428573,84.09214285714286,78.45571428571428,0
2023-10-23,9241,0.725,6704,-2537,1,1,0.0,0.0,0.0,0.0,0.0,0.0,0.0,0.0,0.0,0.0,0.0,0.0,10437.0,10397.0,8644.75,0.0,0.0,0.0,0.0,0.0,0.0,0.0,0.0,29,76.11,50,10701,706.4,0.0,0.0,0.0,24,13,5,8,25.0,0,0.0,0.0,0.0,0.0,0.0,0.0,659.4,8,20.2,20.0,23.75,370226,44300,379173,1,0.0,0.0,0.0,0.0,0.0,11472.1,432,180535.7,180535.7,20.0,20.0,90.36,8.83,27.970714285714287,1.164285714285714,20.305714285714288,80.53214285714286,58.69,0
2023-10-30,11041,0.889,9815,-1226,1,1,0.0,0.0,0.0,0.0,0.0,0.0,0.0,0.0,0.0,0.0,0.0,0.0,6704.0,10437.0,9338.25,0.0,0.0,0.0,0.0,0.0,0.0,0.0,0.0,27,76.85,50,9769,1103.55,0.0,0.0,0.0,23,12,3,7,22.8,1,0.0,0.0,0.0,0.0,0.0,0.0,775.1999999999999,7,15.7,20.2,23.925,379173,37262,380440,1,0.0,0.0,0.0,0.0,0.0,8639.3,322,155507.4,155507.4,18.0,18.0,308.67,15.72,28.40642857142857,1.105,18.732857142857146,78.22285714285715,61.16285714285715,0
2023-11-06,11824,0.795,9397,-2427,1,1,0.0,0.0,0.0,0.0,0.0,0.0,0.0,0.0,0.0,0.0,0.0,0.0,9815.0,6704.0,9088.25,0.0,0.0,0.0,0.0,0.0,0.0,0.0,0.0,22,76.56,35,9938,1037.51,0.0,0.0,0.0,24,8,3,9,26.4,0,0.0,0.0,0.0,0.0,0.0,0.0,633.5,9,20.4,15.7,24.425,380440,41271,378437,1,0.0,0.0,0.0,0.0,0.0,9468.2,354,179895.80000000002,179895.80000000002,19.0,19.0,179.88,13.91,27.948571428571437,1.0907142857142855,18.56,83.13,75.74142857142857,0
2023-11-13,11612,0.933,10832,-780,1,1,0.0,0.0,0.0,0.0,0.0,0.0,0.0,0.0,0.0,0.0,0.0,0.0,9397.0,9815.0,9187.0,0.0,0.0,0.0,0.0,0.0,0.0,0.0,0.0,18,67.53,35,10402,589.55,0.0,0.0,0.0,19,8,5,4,20.2,0,0.0,0.0,0.0,0.0,0.0,0.0,528.0,4,18.1,20.4,23.6,378437,41243,379379,1,0.0,0.0,0.0,0.0,0.0,8989.0,344,147224.4,147224.4,20.0,20.0,303.51,21.99,27.895,1.1171428571428572,16.867142857142856,84.23214285714286,80.8757142857143,0
2023-11-20,10363,0.778,8057,-2306,1,1,0.0,0.0,0.0,0.0,0.0,0.0,0.0,0.0,0.0,0.0,0.0,0.0,10832.0,9397.0,9525.25,0.0,0.0,0.0,0.0,0.0,0.0,0.0,0.0,18,71.69,50,9689,425.47,0.0,0.0,0.0,16,10,3,4,26.4,0,0.0,0.0,0.0,0.0,0.0,0.0,551.0,4,16.5,18.1,23.95,379379,28571,419907,1,0.0,0.0,0.0,0.0,0.0,8782.7,317,119778.5,119778.5,20.0,20.0,490.68,38.2,27.64714285714286,1.6257142857142857,15.75,85.16428571428571,82.89,1
2023-11-27,10478,0.948,9933,-545,1,1,0.0,0.0,0.0,0.0,0.0,0.0,0.0,0.0,0.0,0.0,0.0,0.0,8057.0,10832.0,9554.75,0.0,0.0,0.0,0.0,0.0,0.0,0.0,0.0,30,66.24,35,9485,645.2,0.0,0.0,0.0,18,13,5,8,22.9,0,0.0,0.0,0.0,0.0,0.0,0.0,626.4,8,19.0,16.5,23.975,419907,58044,431839,1,0.0,0.0,0.0,0.0,0.0,8713.0,337,174260.0,174260.0,20.0,20.0,124.83,6.65,27.40571428571429,1.4135714285714285,16.908571428571427,85.62285714285714,85.41714285714286,0
2023-12-04,11556,0.848,9795,-1761,1,1,0.0,0.0,0.0,0.0,0.0,0.0,0.0,0.0,0.0,0.0,0.0,0.0,9933.0,8057.0,9654.25,0.0,0.0,0.0,0.0,0.0,0.0,0.0,0.0,21,85.61,35,10426,695.54,0.0,0.0,0.0,21,9,4,7,28.5,0,0.0,0.0,0.0,0.0,0.0,0.0,564.4000000000001,7,17.4,19.0,24.5,431839,68984,442071,1,0.0,0.0,0.0,0.0,0.0,9483.8,345,189676.0,189676.0,20.0,20.0,179.34,11.6,27.417142857142856,1.1171428571428572,17.34285714285714,84.87714285714286,88.28285714285714,0
2023-12-11,9775,1.029,10059,284,1,1,0.0,0.0,0.0,0.0,0.0,0.0,0.0,0.0,0.0,0.0,0.0,0.0,9795.0,9933.0,9461.0,0.0,0.0,0.0,0.0,0.0,0.0,0.0,0.0,31,82.15,45,9776,629.24,0.0,0.0,0.0,22,12,3,6,24.2,1,0.0,0.0,0.0,0.0,0.0,0.0,699.3,6,16.6,17.4,25.5,442071,22568,490277,1,0.0,0.0,0.0,0.0,0.0,8185.8,296,131821.19999999998,131821.19999999998,20.0,20.0,298.11,20.2,27.336428571428574,1.7835714285714286,17.985714285714284,86.68142857142857,91.22428571428571,0
2023-12-18,13014,0.765,9960,-3054,1,1,0.0,0.0,0.0,0.0,0.0,0.0,0.0,0.0,0.0,0.0,0.0,0.0,10059.0,9795.0,9936.75,0.0,0.0,0.0,0.0,0.0,0.0,0.0,0.0,22,80.48,35,10207,1145.96,0.0,0.0,0.0,17,11,4,4,29.7,0,0.0,0.0,0.0,0.0,0.0,0.0,502.4,4,18.9,16.6,26.325,490277,22695,499609,1,0.0,0.0,0.0,0.0,0.0,8803.3,326,148849.80000000002,148849.80000000002,20.0,20.0,216.09,13.26,27.479285714285712,1.5,17.674285714285713,86.18071428571427,82.20714285714286,0
2023-12-25,9034,0.833,7521,-1513,1,1,0.0,0.0,0.0,0.0,0.0,0.0,0.0,0.0,0.0,0.0,0.0,0.0,9960.0,10059.0,9333.75,0.0,0.0,0.0,0.0,0.0,0.0,0.0,0.0,22,72.4,50,9963,619.7,0.0,0.0,0.0,15,9,5,6,25.2,0,0.0,0.0,0.0,0.0,0.0,0.0,472.7000000000001,6,15.7,18.9,26.9,499609,25258,552541,1,0.0,0.0,0.0,0.0,0.0,7401.4,279,127160.8,127160.8,20.0,20.0,361.92,37.24,27.64714285714286,1.9321428571428572,19.58142857142857,86.83428571428571,78.31,1
2024-01-01,12152,0.757,9204,-2948,1,1,0.0,0.0,0.0,0.0,0.0,0.0,0.0,0.0,0.0,0.0,0.0,0.0,7521.0,9960.0,9186.0,0.0,0.0,0.0,0.0,0.0,0.0,0.0,0.0,18,72.04,50,9516,796.37,0.0,0.0,0.0,18,13,4,9,20.7,0,0.0,0.0,0.0,0.0,0.0,0.0,595.0,9,16.3,15.7,24.95,552541,59504,545039,1,0.0,0.0,0.0,0.0,0.0,7193.4,270,143868.0,143868.0,20.0,20.0,410.19,20.7,27.46857142857143,1.752857142857143,18.11142857142857,87.02714285714285,89.35714285714286,0
2024-01-08,10955,1.025,11230,275,1,1,0.0,0.0,0.0,0.0,0.0,0.0,0.0,0.0,0.0,0.0,0.0,0.0,9204.0,7521.0,9478.75,0.0,0.0,0.0,0.0,0.0,0.0,0.0,0.0,30,76.28,35,9141,648.35,0.0,0.0,0.0,16,11,4,4,27.9,0,0.0,0.0,0.0,0.0,0.0,0.0,489.8,4,17.0,16.3,25.875,545039,33986,574212,1,0.0,0.0,0.0,0.0,0.0,10633.5,395,144622.9,144622.9,20.0,20.0,145.29,7.03,27.374285714285715,1.7814285714285714,16.9,86.50428571428571,92.57714285714286,0
2024-01-15,10585,1.01,10685,100,1,1,0.0,0.0,0.0,0.0,0.0,0.0,0.0,0.0,0.0,0.0,0.0,0.0,11230.0,9204.0,9660.0,0.0,0.0,0.0,0.0,0.0,0.0,0.0,0.0,26,71.75,50,8616,800.99,0.0,0.0,0.0,22,10,5,4,22.1,0,0.0,0.0,0.0,0.0,0.0,0.0,621.6,4,15.8,17.0,23.975,574212,58660,558218,1,0.0,0.0,0.0,0.0,0.0,10103.5,369,177024.69999999998,177024.69999999998,20.0,20.0,196.47,11.06,26.763571428571428,1.997142857142857,17.09,87.32642857142858,98.97428571428571,0
2024-01-22,12943,0.805,10420,-2523,1,1,0.0,0.0,0.0,0.0,0.0,0.0,0.0,0.0,0.0,0.0,0.0,0.0,10685.0,11230.0,10384.75,0.0,0.0,0.0,0.0,0.0,0.0,0.0,0.0,24,89.37,45,7452,932.76,0.0,0.0,0.0,18,10,4,5,22.2,0,0.0,0.0,0.0,0.0,0.0,0.0,576.0,5,16.8,15.8,23.225,558218,46854,544925,1,0.0,0.0,0.0,0.0,0.0,8332.9,318,115792.0,115792.0,20.0,20.0,268.05,21.99,27.045714285714286,2.3114285714285714,19.321428571428573,86.81214285714286,86.84285714285714,0
2024-01-29,12073,0.938,11321,-752,1,1,0.0,0.0,0.0,0.0,0.0,0.0,0.0,0.0,0.0,0.0,0.0,0.0,10420.0,10685.0,10914.0,0.0,0.0,0.0,0.0,0.0,0.0,0.0,0.0,23,66.44,35,6847,965.18,0.0,0.0,0.0,16,8,4,4,18.4,0,0.0,0.0,0.0,0.0,0.0,0.0,537.6,4,18.0,16.8,22.65,544925,42662,571215,1,0.0,0.0,0.0,0.0,0.0,8837.9,328,111686.5,111686.5,20.0,20.0,152.22,11.21,27.215,1.62,19.19142857142857,86.10714285714286,83.42285714285715,0
2024-02-05,10021,0.99,9917,-104,1,1,0.0,0.0,0.0,0.0,0.0,0.0,0.0,0.0,0.0,0.0,0.0,0.0,11321.0,10420.0,10585.75,0.0,0.0,0.0,0.0,0.0,0.0,0.0,0.0,29,73.87,50,6000,534.88,0.0,0.0,0.0,20,13,5,3,24.6,0,0.0,0.0,0.0,0.0,0.0,0.0,737.1999999999999,3,19.2,18.0,21.825,571215,50535,559072,1,0.0,0.0,0.0,0.0,0.0,7622.9,285,131175.4,131175.4,20.0,20.0,313.59,11.8,27.080714285714286,1.4678571428571427,17.195714285714285,87.00428571428571,93.92857142857144,0
2024-02-12,12461,0.903,11254,-1207,1,1,0.0,0.0,0.0,0.0,0.0,0.0,0.0,0.0,0.0,0.0,0.0,0.0,9917.0,11321.0,10728.0,0.0,0.0,0.0,0.0,0.0,0.0,0.0,0.0,24,90.14,45,6292,1071.17,0.0,0.0,0.0,20,12,4,7,24.4,0,0.0,0.0,0.0,0.0,0.0,0.0,712.8000000000001,7,19.4,19.2,22.4,559072,68033,534106,1,0.0,0.0,0.0,0.0,0.0,10571.0,395,170375.6,170375.6,20.0,20.0,48.75,7.53,27.172857142857143,3.041428571428572,21.65,85.64785714285715,63.42142857142858,0
2024-02-19,11613,0.895,10391,-1222,1,1,0.0,0.0,0.0,0.0,0.0,0.0,0.0,0.0,0.0,0.0,0.0,0.0,11254.0,9917.0,10720.75,0.0,0.0,0.0,0.0,0.0,0.0,0.0,0.0,24,71.01,35,6000,973.46,0.0,0.0,0.0,24,11,5,7,22.3,0,0.0,0.0,0.0,0.0,0.0,0.0,768.0,7,19.8,19.4,22.425,534106,55222,532483,1,0.0,0.0,0.0,0.0,0.0,9574.5,362,169360.5,169360.5,20.0,20.0,57.27,7.18,27.93642857142857,2.905,24.34714285714286,84.14214285714286,51.37142857142857,0
2024-02-26,12843,0.8,10271,-2572,1,1,0.0,0.0,0.0,0.0,0.0,0.0,0.0,0.0,0.0,0.0,0.0,0.0,10391.0,11254.0,10458.25,0.0,0.0,0.0,0.0,0.0,0.0,0.0,0.0,22,88.77,35,6017,596.48,0.0,0.0,0.0,18,9,4,6,28.7,0,0.0,0.0,0.0,0.0,0.0,0.0,582.8000000000001,6,19.2,19.8,25.0,532483,34039,540281,1,0.0,0.0,0.0,0.0,0.0,8328.199999999999,316,149140.4,149140.4,20.0,20.0,109.2,10.73,27.44428571428572,2.672857142857143,21.50142857142857,88.15571428571428,74.05714285714286,0
2024-03-04,10500,0.751,7882,-2618,1,1,0.0,0.0,0.0,0.0,0.0,0.0,0.0,0.0,0.0,0.0,0.0,0.0,10271.0,10391.0,9949.5,0.0,0.0,0.0,0.0,0.0,0.0,0.0,0.0,30,85.98,45,6000,683.53,0.0,0.0,0.0,20,13,5,9,19.5,0,0.0,0.0,0.0,0.0,0.0,0.0,596.6,9,18.8,19.2,23.725,540281,39115,561984,1,0.0,0.0,0.0,0.0,0.0,10184.9,379,119159.5,119159.5,20.0,20.0,193.32,9.25,27.25,2.0285714285714285,17.345714285714287,88.64071428571428,91.12,0
2024-03-11,13798,1.016,14019,221,1,1,0.0,0.0,0.0,0.0,0.0,0.0,0.0,0.0,0.0,0.0,0.0,0.0,7882.0,10271.0,10640.75,0.0,0.0,0.0,0.0,0.0,0.0,0.0,0.0,27,75.94,45,7014,1160.77,0.0,0.0,0.0,16,13,5,4,22.0,0,0.0,0.0,0.0,0.0,0.0,0.0,571.2,4,15.7,18.8,23.125,561984,44538,558411,1,0.0,0.0,0.0,0.0,0.0,8317.8,332,151666.2,151666.2,20.0,20.0,27.3,2.08,27.545714285714286,2.482142857142857,20.45714285714286,84.89357142857142,87.65142857142857,0
2024-03-18,9161,1.017,9318,157,1,1,0.0,0.0,0.0,0.0,0.0,0.0,0.0,0.0,0.0,0.0,0.0,0.0,14019.0,7882.0,10372.5,0.0,0.0,0.0,0.0,0.0,0.0,0.0,0.0,25,82.53,35,6895,922.68,0.0,0.0,0.0,24,10,4,3,21.9,0,0.0,0.0,0.0,0.0,0.0,0.0,657.4,3,16.8,15.7,23.025,558411,25056,605885,1,0.0,0.0,0.0,0.0,0.0,9590.6,365,170984.0,170984.0,20.0,20.0,201.78,13.75,27.53642857142857,2.454285714285714,22.56142857142857,86.24357142857143,73.72,0
2024-03-25,13297,0.929,12351,-946,1,1,0.0,0.0,0.0,0.0,0.0,0.0,0.0,0.0,0.0,0.0,0.0,0.0,9318.0,14019.0,10892.5,0.0,0.0,0.0,0.0,0.0,0.0,0.0,0.0,26,88.45,45,7691,722.13,0.0,0.0,0.0,16,8,4,6,19.1,0,0.0,0.0,0.0,0.0,0.0,0.0,408.8,6,17.3,16.8,20.625,605885,67716,600651,1,0.0,0.0,0.0,0.0,0.0,8900.6,324,178012.0,178012.0,20.0,20.0,328.83,32.19,27.702142857142857,1.8242857142857145,20.30857142857143,85.75714285714285,71.18142857142857,1
2024-04-01,10981,0.832,9134,-1847,1,1,0.0,0.0,0.0,0.0,0.0,0.0,0.0,0.0,0.0,0.0,0.0,0.0,12351.0,9318.0,11205.5,0.0,0.0,0.0,0.0,0.0,0.0,0.0,0.0,29,89.97,35,7631,1034.89,0.0,0.0,0.0,24,8,4,5,23.8,1,0.0,0.0,0.0,0.0,0.0,0.0,637.1999999999999,5,14.6,17.3,21.7,600651,33773,604988,1,0.0,0.0,0.0,0.0,0.0,8397.8,302,88872.0,88872.0,20.0,20.0,59.34,4.9,27.75928571428572,2.580714285714285,22.04285714285714,85.36785714285713,66.54571428571428,0
2024-04-08,9995,0.835,8348,-1647,1,1,0.0,0.0,0.0,0.0,0.0,0.0,0.0,0.0,0.0,0.0,0.0,0.0,9134.0,12351.0,9787.75,0.0,0.0,0.0,0.0,0.0,0.0,0.0,0.0,21,69.49,35,8130,913.15,0.0,0.0,0.0,18,11,3,6,26.3,0,0.0,0.0,0.0,0.0,0.0,0.0,547.2,6,17.7,14.6,22.775,604988,37412,624842,1,0.0,0.0,0.0,0.0,0.0,9002.0,340,148714.4,148714.4,20.0,20.0,55.5,5.0,27.723571428571432,2.3535714285714286,21.512857142857143,84.35285714285715,75.16142857142856,0
2024-04-15,13911,0.96,13348,-563,1,1,0.0,0.0,0.0,0.0,0.0,0.0,0.0,0.0,0.0,0.0,0.0,0.0,8348.0,9134.0,10795.25,0.0,0.0,0.0,0.0,0.0,0.0,0.0,0.0,18,72.59,45,8479,510.74,0.0,0.0,0.0,22,10,3,6,24.1,0,0.0,0.0,0.0,0.0,0.0,0.0,686.0,6,17.1,17.7,23.325000000000003,624842,26910,661202,1,0.0,0.0,0.0,0.0,0.0,10877.4,404,195793.19999999998,195793.19999999998,18.0,18.0,14.64,1.04,28.48,1.9642857142857144,22.552857142857142,80.72857142857143,68.61428571428571,0
2024-04-22,12342,1.016,12540,198,1,1,0.0,0.0,0.0,0.0,0.0,0.0,0.0,0.0,0.0,0.0,0.0,0.0,13348.0,8348.0,10842.5,0.0,0.0,0.0,0.0,0.0,0.0,0.0,0.0,27,74.54,45,7946,587.95,0.0,0.0,0.0,21,13,3,4,19.9,0,0.0,0.0,0.0,0.0,0.0,0.0,769.6,4,19.6,17.1,23.525,661202,45446,691209,1,0.0,0.0,0.0,0.0,0.0,8909.1,331,154130.2,154130.2,20.0,20.0,220.62,19.34,28.23,1.7478571428571428,18.40285714285714,84.99,83.97,0
2024-04-29,13551,1.013,13723,172,1,1,0.0,0.0,0.0,0.0,0.0,0.0,0.0,0.0,0.0,0.0,0.0,0.0,12540.0,13348.0,11989.75,0.0,0.0,0.0,0.0,0.0,0.0,0.0,0.0,26,65.87,35,7285,905.67,0.0,0.0,0.0,23,12,5,5,22.5,1,0.0,0.0,0.0,0.0,0.0,0.0,716.0,5,20.8,19.6,23.2,691209,41518,679897,1,0.0,0.0,0.0,0.0,0.0,8551.1,311,138470.2,138470.2,20.0,20.0,506.61,29.34,27.647857142857145,1.322142857142857,13.874285714285715,87.01285714285714,92.45,1
2024-05-06,12798,0.977,12508,-290,1,1,0.0,0.0,0.0,0.0,0.0,0.0,0.0,0.0,0.0,0.0,0.0,0.0,13723.0,12540.0,13029.75,0.0,0.0,0.0,0.0,0.0,0.0,0.0,0.0,30,89.6,35,7013,599.44,0.0,0.0,0.0,22,10,4,6,18.0,1,0.0,0.0,0.0,0.0,0.0,0.0,586.8000000000001,6,17.9,20.8,21.125,679897,43419,688839,1,0.0,0.0,0.0,0.0,0.0,9231.0,362,164662.80000000002,164662.80000000002,20.0,20.0,496.86,30.87,27.91642857142857,1.262857142857143,15.07,86.05785714285715,86.11714285714285,1
2024-05-13,10275,0.932,9574,-701,1,1,0.0,0.0,0.0,0.0,0.0,0.0,0.0,0.0,0.0,0.0,0.0,0.0,12508.0,13723.0,12086.25,0.0,0.0,0.0,0.0,0.0,0.0,0.0,0.0,22,65.71,35,6202,940.75,0.0,0.0,0.0,19,11,5,3,28.4,0,0.0,0.0,0.0,0.0,0.0,0.0,500.5,3,16.3,17.9,22.2,688839,61523,706018,1,0.0,0.0,0.0,0.0,0.0,10017.8,388,156866.0,156866.0,20.0,20.0,375.3,18.29,28.017142857142854,1.14,17.742857142857144,86.76714285714286,76.90142857142857,0
2024-05-20,10016,0.748,7489,-2527,1,1,0.0,0.0,0.0,0.0,0.0,0.0,0.0,0.0,0.0,0.0,0.0,0.0,9574.0,12508.0,10823.5,0.0,0.0,0.0,0.0,0.0,0.0,0.0,0.0,18,87.39,35,6000,505.98,0.0,0.0,0.0,16,11,3,3,19.0,1,0.0,0.0,0.0,0.0,0.0,0.0,615.0,3,14.3,16.3,21.975,706018,42403,738766,1,0.0,0.0,0.0,0.0,0.0,8247.4,311,142738.0,142738.0,20.0,20.0,355.83,23.87,28.056428571428576,1.2635714285714286,14.634285714285712,88.19857142857143,90.77142857142856,0
2024-05-27,9337,0.773,7220,-2117,1,1,0.0,0.0,0.0,0.0,0.0,0.0,0.0,0.0,0.0,0.0,0.0,0.0,7489.0,9574.0,9197.75,0.0,0.0,0.0,0.0,0.0,0.0,0.0,0.0,26,66.52,45,6284,550.54,0.0,0.0,0.0,19,10,4,7,25.2,0,0.0,0.0,0.0,0.0,0.0,0.0,673.1999999999999,7,20.5,14.3,22.65,738766,34820,752087,1,0.0,0.0,0.0,0.0,0.0,8947.2,322,169996.80000000002,169996.80000000002,19.0,19.0,314.37,15.93,27.810714285714283,1.1535714285714287,16.215714285714288,86.55499999999999,85.18857142857144,0
2024-06-03,9878,1.017,10041,163,1,1,0.0,0.0,0.0,0.0,0.0,0.0,0.0,0.0,0.0,0.0,0.0,0.0,7220.0,7489.0,8581.0,0.0,0.0,0.0,0.0,0.0,0.0,0.0,0.0,22,77.16,45,6000,778.31,0.0,0.0,0.0,22,11,5,5,29.8,0,0.0,0.0,0.0,0.0,0.0,0.0,600.4,5,20.4,20.5,25.6,752087,26374,796055,1,0.0,0.0,0.0,0.0,0.0,8230.3,311,109442.8,109442.8,20.0,20.0,549.45,72.37,27.122142857142855,1.487142857142857,13.107142857142858,88.725,94.71857142857142,1
2024-06-10,10076,0.92,9271,-805,1,1,0.0,0.0,0.0,0.0,0.0,0.0,0.0,0.0,0.0,0.0,0.0,0.0,10041.0,7220.0,8505.25,0.0,0.0,0.0,0.0,0.0,0.0,0.0,0.0,30,72.25,50,6848,763.93,0.0,0.0,0.0,24,10,4,5,24.4,0,0.0,0.0,0.0,0.0,0.0,0.0,718.1999999999999,5,15.8,20.4,24.6,796055,53827,773906,1,0.0,0.0,0.0,0.0,0.0,8164.4,312,140919.80000000002,140919.80000000002,20.0,20.0,564.69,56.53,27.089285714285715,1.2014285714285715,13.327142857142857,86.45857142857142,83.42571428571429,1
2024-06-17,13887,0.723,10040,-3847,1,1,0.0,0.0,0.0,0.0,0.0,0.0,0.0,0.0,0.0,0.0,0.0,0.0,9271.0,10041.0,9143.0,0.0,0.0,0.0,0.0,0.0,0.0,0.0,0.0,23,88.67,35,7849,1083.81,0.0,0.0,0.0,23,9,5,7,29.1,0,0.0,0.0,0.0,0.0,0.0,0.0,536.5,7,18.9,15.8,27.125,773906,29914,790190,1,0.0,0.0,0.0,0.0,0.0,8345.4,328,131142.0,131142.0,20.0,20.0,365.07,22.06,26.88142857142857,1.6642857142857144,14.241428571428573,87.97928571428572,85.57428571428571,0
2024-06-24,12993,0.753,9790,-3203,1,1,0.0,0.0,0.0,0.0,0.0,0.0,0.0,0.0,0.0,0.0,0.0,0.0,10040.0,9271.0,9785.5,0.0,0.0,0.0,0.0,0.0,0.0,0.0,0.0,24,68.68,45,7272,713.79,0.0,0.0,0.0,23,10,4,6,20.8,1,0.0,0.0,0.0,0.0,0.0,0.0,562.4,6,14.5,18.9,26.025,790190,42299,805781,1,0.0,0.0,0.0,0.0,0.0,8580.3,307,146013.9,146013.9,20.0,20.0,524.94,34.1,26.991428571428568,1.3271428571428572,14.52142857142857,86.68142857142857,82.25285714285714,1
2024-07-01,13859,0.939,13012,-847,1,1,0.0,0.0,0.0,0.0,0.0,0.0,0.0,0.0,0.0,0.0,0.0,0.0,9790.0,10040.0,10528.25,0.0,0.0,0.0,0.0,0.0,0.0,0.0,0.0,31,84.61,35,7401,741.77,0.0,0.0,0.0,15,10,3,5,27.1,0,0.0,0.0,0.0,0.0,0.0,0.0,434.0,5,15.2,14.5,25.35,805781,63689,815677,1,0.0,0.0,0.0,0.0,0.0,8042.6,312,132619.6,132619.6,20.0,20.0,634.4399999999999,69.41,26.520714285714284,1.3285714285714283,11.742857142857142,88.06714285714285,87.88285714285715,1
2024-07-08,9379,0.722,6768,-2611,1,1,0.0,0.0,0.0,0.0,0.0,0.0,0.0,0.0,0.0,0.0,0.0,0.0,13012.0,9790.0,9902.5,0.0,0.0,0.0,0.0,0.0,0.0,0.0,0.0,29,86.5,45,6366,918.05,0.0,0.0,0.0,23,11,3,3,24.4,0,0.0,0.0,0.0,0.0,0.0,0.0,595.7,3,15.5,15.2,25.35,815677,69080,819154,1,0.0,0.0,0.0,0.0,0.0,11162.0,415,212078.0,212078.0,19.0,19.0,306.12,15.05,26.085,2.0307142857142857,11.902857142857142,88.57357142857143,91.8,0
2024-07-15,9492,0.773,7337,-2155,1,1,0.0,0.0,0.0,0.0,0.0,0.0,0.0,0.0,0.0,0.0,0.0,0.0,6768.0,13012.0,9226.75,0.0,0.0,0.0,0.0,0.0,0.0,0.0,0.0,18,91.46,35,7397,1128.89,0.0,0.0,0.0,21,11,4,3,26.6,0,0.0,0.0,0.0,0.0,0.0,0.0,756.0,3,16.1,15.5,24.725,819154,22693,870481,1,0.0,0.0,0.0,0.0,0.0,11192.6,410,201143.0,201143.0,20.0,20.0,91.89,5.85,27.016428571428573,2.5250000000000004,17.762857142857143,88.25571428571428,74.09857142857143,0
2024-07-22,11062,0.901,9967,-1095,1,1,0.0,0.0,0.0,0.0,0.0,0.0,0.0,0.0,0.0,0.0,0.0,0.0,7337.0,6768.0,9271.0,0.0,0.0,0.0,0.0,0.0,0.0,0.0,0.0,28,77.42,50,7670,576.2,0.0,0.0,0.0,23,8,5,4,18.7,0,0.0,0.0,0.0,0.0,0.0,0.0,680.4,4,21.0,16.1,24.2,870481,49723,880225,1,0.0,0.0,0.0,0.0,0.0,9773.9,373,174385.7,174385.7,20.0,20.0,213.36,11.45,27.062857142857144,2.024285714285714,16.222857142857144,89.40928571428572,72.58857142857143,0
2024-07-29,12884,0.948,12218,-666,1,1,0.0,0.0,0.0,0.0,0.0,0.0,0.0,0.0,0.0,0.0,0.0,0.0,9967.0,7337.0,9072.5,0.0,0.0,0.0,0.0,0.0,0.0,0.0,0.0,25,76.11,50,8464,1083.93,0.0,0.0,0.0,22,8,3,5,19.8,0,0.0,0.0,0.0,0.0,0.0,0.0,551.1,5,18.9,21.0,22.375,880225,23627,933297,1,0.0,0.0,0.0,0.0,0.0,7493.6,292,134884.80000000002,134884.80000000002,18.0,18.0,321.06,25.46,27.401428571428568,1.6428571428571428,17.40142857142857,86.47928571428572,64.92142857142856,1
2024-08-05,9064,0.935,8476,-588,1,1,0.0,0.0,0.0,0.0,0.0,0.0,0.0,0.0,0.0,0.0,0.0,0.0,12218.0,9967.0,9499.5,0.0,0.0,0.0,0.0,0.0,0.0,0.0,0.0,19,87.19,45,7930,951.44,0.0,0.0,0.0,15,9,3,6,19.6,0,0.0,0.0,0.0,0.0,0.0,0.0,518.4,6,16.7,18.9,21.175,933297,68925,920311,1,0.0,0.0,0.0,0.0,0.0,8234.6,306,140939.6,140939.6,20.0,20.0,373.68,23.25,26.70285714285714,1.7557142857142856,13.072857142857142,87.97642857142857,92.14142857142858,0
2024-08-12,11568,0.794,9185,-2383,1,1,0.0,0.0,0.0,0.0,0.0,0.0,0.0,0.0,0.0,0.0,0.0,0.0,8476.0,12218.0,9961.5,0.0,0.0,0.0,0.0,0.0,0.0,0.0,0.0,23,68.26,35,7333,745.46,0.0,0.0,0.0,22,8,3,7,26.2,0,0.0,0.0,0.0,0.0,0.0,0.0,673.1999999999999,7,19.2,16.7,21.075,920311,41834,951418,1,0.0,0.0,0.0,0.0,0.0,10687.5,396,126432.5,126432.5,20.0,20.0,354.3,23.38,27.187142857142856,1.7785714285714287,15.097142857142858,87.06714285714285,70.65857142857142,0
2024-08-19,11027,0.955,10530,-497,1,1,0.0,0.0,0.0,0.0,0.0,0.0,0.0,0.0,0.0,0.0,0.0,0.0,9185.0,8476.0,10102.25,0.0,0.0,0.0,0.0,0.0,0.0,0.0,0.0,19,73.91,50,6656,549.47,0.0,0.0,0.0,22,10,4,7,28.1,0,0.0,0.0,0.0,0.0,0.0,0.0,745.1999999999999,7,20.4,19.2,23.425,951418,46105,953360,1,0.0,0.0,0.0,0.0,0.0,8265.9,313,165318.0,165318.0,20.0,20.0,356.67,20.0,26.47,1.9571428571428573,10.877142857142855,89.54428571428572,92.21,0
2024-08-26,11695,0.798,9336,-2359,1,1,0.0,0.0,0.0,0.0,0.0,0.0,0.0,0.0,0.0,0.0,0.0,0.0,10530.0,9185.0,9381.75,0.0,0.0,0.0,0.0,0.0,0.0,0.0,0.0,23,88.59,50,7752,702.17,0.0,0.0,0.0,17,11,4,6,27.0,0,0.0,0.0,0.0,0.0,0.0,0.0,460.8,6,20.7,20.4,25.225,953360,35707,957883,1,0.0,0.0,0.0,0.0,0.0,8189.5,293,118218.7,118218.7,20.0,20.0,561.8100000000001,42.43,26.712857142857143,1.9442857142857144,15.962857142857144,88.75857142857143,90.77857142857142,1
2024-09-02,10495,0.827,8683,-1812,1,1,0.0,0.0,0.0,0.0,0.0,0.0,0.0,0.0,0.0,0.0,0.0,0.0,9336.0,10530.0,9433.5,0.0,0.0,0.0,0.0,0.0,0.0,0.0,0.0,27,81.13,50,6599,1018.75,0.0,0.0,0.0,15,8,5,9,18.4,1,0.0,0.0,0.0,0.0,0.0,0.0,470.4,9,14.4,20.7,24.925,957883,64262,945597,1,0.0,0.0,0.0,0.0,0.0,8293.5,317,132676.3,132676.3,20.0,20.0,226.68,22.49,27.312857142857144,1.8178571428571424,19.85285714285714,87.44214285714285,73.92428571428572,0
2024-09-09,9391,0.966,9074,-317,1,1,0.0,0.0,0.0,0.0,0.0,0.0,0.0,0.0,0.0,0.0,0.0,0.0,8683.0,9336.0,9405.75,0.0,0.0,0.0,0.0,0.0,0.0,0.0,0.0,23,84.45,45,6000,1095.21,0.0,0.0,0.0,22,8,5,8,28.4,0,0.0,0.0,0.0,0.0,0.0,0.0,514.5,8,16.8,14.4,25.475,945597,50080,949293,1,0.0,0.0,0.0,0.0,0.0,9378.2,356,157505.19999999998,157505.19999999998,20.0,20.0,19.2,2.67,26.82857142857143,2.8978571428571427,21.21142857142857,85.62142857142857,70.17285714285715,0
2024-09-16,13514,0.934,12627,-887,1,1,0.0,0.0,0.0,0.0,0.0,0.0,0.0,0.0,0.0,0.0,0.0,0.0,9074.0,8683.0,9930.0,0.0,0.0,0.0,0.0,0.0,0.0,0.0,0.0,20,77.08,50,6000,874.1,0.0,0.0,0.0,17,9,5,4,22.2,0,0.0,0.0,0.0,0.0,0.0,0.0,505.3,4,14.7,16.8,24.0,949293,26776,953823,1,0.0,0.0,0.0,0.0,0.0,7652.0,290,153040.0,153040.0,20.0,20.0,15.93,1.32,27.16928571428572,2.2385714285714284,20.01428571428572,85.05142857142857,82.6842857142857,0
2024-09-23,13474,1.0,13477,3,1,1,0.0,0.0,0.0,0.0,0.0,0.0,0.0,0.0,0.0,0.0,0.0,0.0,12627.0,9074.0,10965.25,0.0,0.0,0.0,0.0,0.0,0.0,0.0,0.0,26,80.23,35,6706,770.8,0.0,0.0,0.0,17,13,4,7,22.8,0,0.0,0.0,0.0,0.0,0.0,0.0,516.8,7,16.3,14.7,22.95,953823,29474,981600,1,0.0,0.0,0.0,0.0,0.0,11573.0,429,196635.6,196635.6,20.0,20.0,395.01,36.78,27.513571428571428,1.2257142857142855,18.85428571428572,84.63,74.69857142857143,1
2024-09-30,12561,0.937,11769,-792,1,1,0.0,0.0,0.0,0.0,0.0,0.0,0.0,0.0,0.0,0.0,0.0,0.0,13477.0,12627.0,11736.75,0.0,0.0,0.0,0.0,0.0,0.0,0.0,0.0,31,89.04,35,6760,730.07,0.0,0.0,0.0,15,9,4,5,19.3,0,0.0,0.0,0.0,0.0,0.0,0.0,518.0,5,15.2,16.3,23.175,981600,41959,1009935,1,0.0,0.0,0.0,0.0,0.0,8989.4,346,152486.0,152486.0,20.0,20.0,324.6,16.08,27.19357142857143,1.47,16.312857142857144,85.07857142857144,83.57285714285715,0
2024-10-07,11278,0.908,10235,-1043,1,1,0.0,0.0,0.0,0.0,0.0,0.0,0.0,0.0,0.0,0.0,0.0,0.0,11769.0,13477.0,12027.0,0.0,0.0,0.0,0.0,0.0,0.0,0.0,0.0,26,79.5,45,7163,966.13,0.0,0.0,0.0,19,10,5,4,26.8,0,0.0,0.0,0.0,0.0,0.0,0.0,567.8,4,18.5,15.2,22.775,1009935,49320,996145,1,0.0,0.0,0.0,0.0,0.0,10963.1,400,154441.5,154441.5,20.0,20.0,703.44,45.83,27.36,1.2928571428571427,16.978571428571428,86.34714285714286,76.27571428571429,1
2024-10-14,12099,0.751,9085,-3014,1,1,0.0,0.0,0.0,0.0,0.0,0.0,0.0,0.0,0.0,0.0,0.0,0.0,10235.0,11769.0,11141.5,0.0,0.0,0.0,0.0,0.0,0.0,0.0,0.0,18,89.29,45,6585,930.17,0.0,0.0,0.0,24,11,5,5,20.2,1,0.0,0.0,0.0,0.0,0.0,0.0,624.0,5,16.7,18.5,22.275,996145,51968,977925,1,0.0,0.0,0.0,0.0,0.0,7953.6,297,136476.80000000002,136476.80000000002,20.0,20.0,162.9,11.0,26.962142857142855,1.3664285714285715,16.984285714285715,85.33857142857143,91.52857142857144,0
2024-10-21,9200,0.841,7740,-1460,1,1,0.0,0.0,0.0,0.0,0.0,0.0,0.0,0.0,0.0,0.0,0.0,0.0,9085.0,10235.0,9707.25,0.0,0.0,0.0,0.0,0.0,0.0,0.0,0.0,23,69.13,50,7360,723.25,0.0,0.0,0.0,21,9,4,9,24.8,1,0.0,0.0,0.0,0.0,0.0,0.0,540.6,9,15.6,16.7,22.775,977925,33545,1006942,1,0.0,0.0,0.0,0.0,0.0,9834.9,353,173451.3,173451.3,20.0,20.0,118.26,8.04,27.110714285714288,2.5892857142857144,17.365714285714287,88.71214285714285,90.48428571428572,0
2024-10-28,13875,0.808,11204,-2671,1,1,0.0,0.0,0.0,0.0,0.0,0.0,0.0,0.0,0.0,0.0,0.0,0.0,7740.0,9085.0,9566.0,0.0,0.0,0.0,0.0,0.0,0.0,0.0,0.0,24,65.49,35,8557,794.96,0.0,0.0,0.0,24,8,5,3,28.1,0,0.0,0.0,0.0,0.0,0.0,0.0,610.5,3,15.9,15.6,24.975,1006942,54766,982839,1,0.0,0.0,0.0,0.0,0.0,8733.6,328,132462.4,132462.4,20.0,20.0,224.01,14.41,27.41785714285714,1.4757142857142855,18.915714285714287,86.00285714285714,75.26142857142857,0
2024-11-04,12104,0.801,9689,-2415,1,1,0.0,0.0,0.0,0.0,0.0,0.0,0.0,0.0,0.0,0.0,0.0,0.0,11204.0,7740.0,9429.5,0.0,0.0,0.0,0.0,0.0,0.0,0.0,0.0,19,91.33,45,8276,550.14,0.0,0.0,0.0,23,11,3,4,19.1,0,0.0,0.0,0.0,0.0,0.0,0.0,584.6,4,16.5,15.9,23.05,982839,48021,972812,1,0.0,0.0,0.0,0.0,0.0,9907.8,372,154618.80000000002,154618.80000000002,20.0,20.0,29.85,2.13,27.537142857142857,1.3335714285714286,18.03,84.76357142857142,76.71571428571428,0
2024-11-11,13598,1.041,14156,558,1,1,0.0,0.0,0.0,0.0,0.0,0.0,0.0,0.0,0.0,0.0,0.0,0.0,9689.0,11204.0,10697.25,0.0,0.0,0.0,0.0,0.0,0.0,0.0,0.0,26,91.14,50,9097,780.84,0.0,0.0,0.0,21,11,4,7,24.4,0,0.0,0.0,0.0,0.0,0.0,0.0,619.1999999999999,7,15.8,16.5,24.1,972812,23304,1009811,1,0.0,0.0,0.0,0.0,0.0,8809.7,340,147131.4,147131.4,20.0,20.0,87.87,6.46,27.51,1.4464285714285714,17.887142857142855,85.68214285714286,77.14571428571428,0
2024-11-18,11454,0.85,9732,-1722,1,1,0.0,0.0,0.0,0.0,0.0,0.0,0.0,0.0,0.0,0.0,0.0,0.0,14156.0,9689.0,11195.25,0.0,0.0,0.0,0.0,0.0,0.0,0.0,0.0,18,78.66,50,8620,1184.77,0.0,0.0,0.0,23,8,5,4,20.8,0,0.0,0.0,0.0,0.0,0.0,0.0,511.2,4,17.2,15.8,23.1,1009811,59353,1027034,1,0.0,0.0,0.0,0.0,0.0,9262.7,357,135981.2,135981.2,20.0,20.0,260.91,19.44,27.145714285714284,1.9707142857142856,16.054285714285715,88.28928571428571,91.99428571428572,0
2024-11-25,12645,1.014,12826,181,1,1,0.0,0.0,0.0,0.0,0.0,0.0,0.0,0.0,0.0,0.0,0.0,0.0,9732.0,14156.0,11600.75,0.0,0.0,0.0,0.0,0.0,0.0,0.0,0.0,23,66.71,45,9446,707.98,0.0,0.0,0.0,22,9,4,4,22.1,0,0.0,0.0,0.0,0.0,0.0,0.0,560.0,4,14.2,17.2,21.6,1027034,64417,1010292,1,0.0,0.0,0.0,0.0,0.0,9003.0,327,180060.0,180060.0,20.0,20.0,383.76,34.57,27.14642857142857,1.86,14.418571428571427,87.64071428571428,91.59571428571428,1
2024-12-02,9804,0.928,9100,-704,1,1,0.0,0.0,0.0,0.0,0.0,0.0,0.0,0.0,0.0,0.0,0.0,0.0,12826.0,9732.0,11453.5,0.0,0.0,0.0,0.0,0.0,0.0,0.0,0.0,21,81.08,45,10306,690.46,0.0,0.0,0.0,16,8,3,4,23.7,1,0.0,0.0,0.0,0.0,0.0,0.0,456.3,4,16.0,14.2,22.75,1010292,43664,1020566,1,0.0,0.0,0.0,0.0,0.0,9814.8,365,196296.0,196296.0,20.0,20.0,505.74,34.42,27.347142857142856,1.3614285714285714,14.34,86.20357142857144,96.63428571428572,1
2024-12-09,11731,0.982,11523,-208,1,1,0.0,0.0,0.0,0.0,0.0,0.0,0.0,0.0,0.0,0.0,0.0,0.0,9100.0,12826.0,10795.25,0.0,0.0,0.0,0.0,0.0,0.0,0.0,0.0,18,75.24,35,11144,766.23,0.0,0.0,0.0,15,13,4,8,22.3,0,0.0,0.0,0.0,0.0,0.0,0.0,582.4,8,16.9,16.0,22.225,1020566,40080,1012122,1,0.0,0.0,0.0,0.0,0.0,9070.2,337,172333.80000000002,172333.80000000002,19.0,19.0,375.9,38.18,27.19214285714285,1.5499999999999998,13.998571428571427,88.2,98.06142857142856,1
2024-12-16,11773,0.886,10429,-1344,1,1,0.0,0.0,0.0,0.0,0.0,0.0,0.0,0.0,0.0,0.0,0.0,0.0,11523.0,9100.0,10969.5,0.0,0.0,0.0,0.0,0.0,0.0,0.0,0.0,29,86.47,45,11263,474.01,0.0,0.0,0.0,21,11,4,4,25.8,0,0.0,0.0,0.0,0.0,0.0,0.0,572.4,4,18.2,16.9,23.475,1012122,69850,1000000,1,0.0,0.0,0.0,0.0,0.0,10663.7,402,142164.8,142164.8,20.0,20.0,865.11,41.23,27.19,1.6471428571428572,16.07,88.74214285714285,93.82714285714286,1
2024-12-23,10570,0.91,9622,-948,1,1,0.0,0.0,0.0,0.0,0.0,0.0,0.0,0.0,0.0,0.0,0.0,0.0,10429.0,11523.0,10168.5,0.0,0.0,0.0,0.0,0.0,0.0,0.0,0.0,22,82.11,45,11914,1128.46,0.0,0.0,0.0,21,12,4,5,23.8,0,0.0,0.0,0.0,0.0,0.0,0.0,551.3000000000001,5,15.9,18.2,23.9,1000000,48673,1008063,1,0.0,0.0,0.0,0.0,0.0,7917.7,295,142518.6,142518.6,18.0,18.0,163.23,7.0,27.071428571428573,1.3671428571428572,14.762857142857142,86.83285714285714,98.20857142857145,0
2024-12-30,11690,0.883,10316,-1374,1,1,0.0,0.0,0.0,0.0,0.0,0.0,0.0,0.0,0.0,0.0,0.0,0.0,9622.0,10429.0,10472.5,0.0,0.0,0.0,0.0,0.0,0.0,0.0,0.0,27,77.49,45,10845,812.9,0.0,0.0,0.0,22,12,4,3,25.0,0,0.0,0.0,0.0,0.0,0.0,0.0,551.0,3,14.9,15.9,24.225,1008063,67323,1008245,1,0.0,0.0,0.0,0.0,0.0,8774.7,319,131733.4,131733.4,20.0,20.0,306.06,20.26,26.810714285714283,1.522857142857143,12.69857142857143,88.14428571428572,94.43857142857144,0
2025-01-06,12840,0.784,10072,-2768,1,1,0.0,0.0,0.0,0.0,0.0,0.0,0.0,0.0,0.0,0.0,0.0,0.0,10316.0,9622.0,10109.75,0.0,0.0,0.0,0.0,0.0,0.0,0.0,0.0,18,79.68,50,11533,941.53,0.0,0.0,0.0,19,10,3,9,26.8,0,0.0,0.0,0.0,0.0,0.0,0.0,659.2,9,14.5,14.9,25.35,1008245,20854,1064036,1,0.0,0.0,0.0,0.0,0.0,9332.6,355,136821.2,136821.2,20.0,20.0,225.78,15.43,27.16642857142857,1.1857142857142855,16.327142857142857,86.1242857142857,85.12714285714286,0
2025-01-13,10028,0.958,9610,-418,1,1,0.0,0.0,0.0,0.0,0.0,0.0,0.0,0.0,0.0,0.0,0.0,0.0,10072.0,10316.0,9905.0,0.0,0.0,0.0,0.0,0.0,0.0,0.0,0.0,20,86.44,35,12303,717.08,0.0,0.0,0.0,17,8,4,6,24.7,0,0.0,0.0,0.0,0.0,0.0,0.0,490.1,6,20.6,14.5,25.075,1064036,58623,1059961,1,0.0,0.0,0.0,0.0,0.0,8149.7,292,141353.3,141353.3,20.0,20.0,462.75,31.01,26.59214285714286,1.9807142857142856,16.71857142857143,87.81214285714286,95.10285714285716,1
2025-01-20,9502,0.813,7721,-1781,1,1,0.0,0.0,0.0,0.0,0.0,0.0,0.0,0.0,0.0,0.0,0.0,0.0,9610.0,10072.0,9429.75,0.0,0.0,0.0,0.0,0.0,0.0,0.0,0.0,24,70.52,45,12415,605.07,0.0,0.0,0.0,22,8,4,4,25.0,1,0.0,0.0,0.0,0.0,0.0,0.0,615.4000000000001,4,16.9,20.6,25.375,1059961,66717,1030636,1,0.0,0.0,0.0,0.0,0.0,7685.799999999999,292,134125.0,134125.0,20.0,20.0,1089.72,121.95,26.21857142857143,1.52,14.43285714285714,89.15857142857142,96.64,1
2025-01-27,13493,0.728,9823,-3670,1,1,0.0,0.0,0.0,0.0,0.0,0.0,0.0,0.0,0.0,0.0,0.0,0.0,7721.0,9610.0,9306.5,0.0,0.0,0.0,0.0,0.0,0.0,0.0,0.0,18,79.48,50,11731,761.65,0.0,0.0,0.0,20,10,5,7,24.8,1,0.0,0.0,0.0,0.0,0.0,0.0,714.0,7,18.1,16.9,25.325,1030636,58559,1023633,1,0.0,0.0,0.0,0.0,0.0,9509.2,364,164750.2,164750.2,20.0,20.0,652.2,41.31,26.32785714285714,1.3457142857142856,13.738571428571428,87.14642857142857,98.20285714285716,1
2025-02-03,9870,0.933,9208,-662,1,1,0.0,0.0,0.0,0.0,0.0,0.0,0.0,0.0,0.0,0.0,0.0,0.0,9823.0,7721.0,9090.5,0.0,0.0,0.0,0.0,0.0,0.0,0.0,0.0,21,71.19,35,12806,715.36,0.0,0.0,0.0,17,10,4,4,22.5,0,0.0,0.0,0.0,0.0,0.0,0.0,452.6,4,20.4,18.1,24.25,1023633,41919,1038023,1,0.0,0.0,0.0,0.0,0.0,8501.8,319,170036.0,170036.0,20.0,20.0,238.86,18.14,26.735,1.5678571428571426,15.908571428571427,87.80071428571429,95.61142857142856,0
2025-02-10,13488,0.778,10499,-2989,1,1,0.0,0.0,0.0,0.0,0.0,0.0,0.0,0.0,0.0,0.0,0.0,0.0,9208.0,9823.0,9312.75,0.0,0.0,0.0,0.0,0.0,0.0,0.0,0.0,20,74.33,50,11735,523.24,0.0,0.0,0.0,15,10,5,7,22.0,0,0.0,0.0,0.0,0.0,0.0,0.0,603.0,7,14.6,20.4,23.575,1038023,52970,1019984,1,0.0,0.0,0.0,0.0,0.0,8792.9,328,167065.1,167065.1,19.0,19.0,312.81,20.0,27.045,1.719285714285714,16.80142857142857,87.84214285714286,97.63428571428572,0
2025-02-17,9206,1.03,9485,279,1,1,0.0,0.0,0.0,0.0,0.0,0.0,0.0,0.0,0.0,0.0,0.0,0.0,10499.0,9208.0,9753.75,0.0,0.0,0.0,0.0,0.0,0.0,0.0,0.0,23,80.83,45,12400,743.34,0.0,0.0,0.0,17,11,3,5,28.8,1,0.0,0.0,0.0,0.0,0.0,0.0,554.9,5,20.1,14.6,24.525,1019984,32688,1061511,1,0.0,0.0,0.0,0.0,0.0,10463.2,393,169201.6,169201.6,20.0,20.0,365.34,25.57,26.50357142857143,1.6335714285714285,13.54,87.05,95.79142857142858,1
2025-02-24,10484,1.035,10848,364,1,1,0.0,0.0,0.0,0.0,0.0,0.0,0.0,0.0,0.0,0.0,0.0,0.0,9485.0,10499.0,10010.0,0.0,0.0,0.0,0.0,0.0,0.0,0.0,0.0,25,80.56,45,12184,836.57,0.0,0.0,0.0,19,13,3,7,25.3,0,0.0,0.0,0.0,0.0,0.0,0.0,532.0,7,17.9,20.1,24.65,1061511,57157,1059696,1,0.0,0.0,0.0,0.0,0.0,11438.8,402,217337.19999999998,217337.19999999998,19.0,19.0,96.75,7.94,26.517857142857142,2.0385714285714287,16.124285714285715,87.37142857142857,92.79428571428572,0
2025-03-03,9863,1.022,10079,216,1,1,0.0,0.0,0.0,0.0,0.0,0.0,0.0,0.0,0.0,0.0,0.0,0.0,10848.0,9485.0,10227.75,0.0,0.0,0.0,0.0,0.0,0.0,0.0,0.0,30,87.69,50,12912,906.3,0.0,0.0,0.0,17,8,3,6,20.9,0,0.0,0.0,0.0,0.0,0.0,0.0,473.19999999999993,6,15.2,17.9,24.25,1059696,60772,1031251,1,0.0,0.0,0.0,0.0,0.0,9884.2,366,158578.0,158578.0,20.0,20.0,431.91,21.12,26.75357142857143,1.802857142857143,15.241428571428573,87.95714285714286,94.04285714285714,0
2025-03-10,11790,0.842,9928,-1862,1,1,0.0,0.0,0.0,0.0,0.0,0.0,0.0,0.0,0.0,0.0,0.0,0.0,10079.0,10848.0,10085.0,0.0,0.0,0.0,0.0,0.0,0.0,0.0,0.0,22,89.86,50,13142,1315.38,0.0,0.0,0.0,15,11,3,3,24.0,0,0.0,0.0,0.0,0.0,0.0,0.0,562.5999999999999,3,16.9,15.2,24.75,1031251,20197,1081599,1,0.0,0.0,0.0,0.0,0.0,11182.3,412,177230.2,177230.2,20.0,20.0,313.38,30.83,26.79142857142857,1.8335714285714289,18.635714285714283,88.27785714285714,86.71285714285715,1
2025-03-17,9563,0.725,6934,-2629,1,1,0.0,0.0,0.0,0.0,0.0,0.0,0.0,0.0,0.0,0.0,0.0,0.0,9928.0,10079.0,9447.25,0.0,0.0,0.0,0.0,0.0,0.0,0.0,0.0,22,86.27,45,12508,988.49,0.0,0.0,0.0,19,10,5,7,22.0,0,0.0,0.0,0.0,0.0,0.0,0.0,591.5999999999999,7,19.4,16.9,23.05,1081599,54698,1080410,1,0.0,0.0,0.0,0.0,0.0,8185.8,325,155530.2,155530.2,19.0,19.0,288.87,11.4,26.555,1.1671428571428573,14.61142857142857,86.33857142857143,94.1257142857143,0
2025-03-24,13191,1.026,13538,347,1,1,0.0,0.0,0.0,0.0,0.0,0.0,0.0,0.0,0.0,0.0,0.0,0.0,6934.0,9928.0,10119.75,0.0,0.0,0.0,0.0,0.0,0.0,0.0,0.0,21,84.91,35,12244,854.08,0.0,0.0,0.0,24,8,4,7,29.2,1,0.0,0.0,0.0,0.0,0.0,0.0,752.4,7,17.4,19.4,24.025,1080410,35087,1119865,1,0.0,0.0,0.0,0.0,0.0,8594.6,317,131843.6,131843.6,20.0,20.0,213.87,13.66,27.41642857142857,1.237857142857143,16.594285714285714,84.62071428571429,86.54714285714286,0
2025-03-31,10757,0.861,9265,-1492,1,1,0.0,0.0,0.0,0.0,0.0,0.0,0.0,0.0,0.0,0.0,0.0,0.0,13538.0,6934.0,9916.25,0.0,0.0,0.0,0.0,0.0,0.0,0.0,0.0,28,78.46,45,11982,624.11,0.0,0.0,0.0,21,11,3,3,18.1,1,0.0,0.0,0.0,0.0,0.0,0.0,581.0,3,20.9,17.4,23.325000000000003,1119865,45184,1127352,1,0.0,0.0,0.0,0.0,0.0,8519.1,331,161862.9,161862.9,19.0,19.0,282.0,12.19,26.69928571428571,1.3428571428571427,17.35857142857143,86.17357142857142,91.57,0
2025-04-07,10678,1.039,11094,416,1,1,0.0,0.0,0.0,0.0,0.0,0.0,0.0,0.0,0.0,0.0,0.0,0.0,9265.0,13538.0,10207.75,0.0,0.0,0.0,0.0,0.0,0.0,0.0,0.0,30,82.92,50,12661,988.54,0.0,0.0,0.0,21,13,4,6,20.7,0,0.0,0.0,0.0,0.0,0.0,0.0,729.6,6,16.6,20.9,22.5,1127352,62107,1123093,1,0.0,0.0,0.0,0.0,0.0,9176.1,350,174345.9,174345.9,19.0,19.0,232.65,13.0,27.35571428571429,1.1335714285714285,17.099999999999998,84.55285714285714,86.59428571428572,0
2025-04-14,12242,1.038,12707,465,1,1,0.0,0.0,0.0,0.0,0.0,0.0,0.0,0.0,0.0,0.0,0.0,0.0,11094.0,9265.0,11651.0,0.0,0.0,0.0,0.0,0.0,0.0,0.0,0.0,18,73.09,35,12309,1243.73,0.0,0.0,0.0,23,11,5,4,22.4,0,0.0,0.0,0.0,0.0,0.0,0.0,655.2,4,19.2,16.6,22.6,1123093,64357,1109402,1,0.0,0.0,0.0,0.0,0.0,8576.9,316,130800.20000000001,130800.20000000001,20.0,20.0,298.86,20.04,27.483571428571427,1.2807142857142857,17.817142857142855,84.67928571428573,85.88571428571429,0
2025-04-21,13636,1.001,13656,20,1,1,0.0,0.0,0.0,0.0,0.0,0.0,0.0,0.0,0.0,0.0,0.0,0.0,12707.0,11094.0,11680.5,0.0,0.0,0.0,0.0,0.0,0.0,0.0,0.0,28,81.87,35,12098,460.46,0.0,0.0,0.0,24,13,5,7,23.9,0,0.0,0.0,0.0,0.0,0.0,0.0,831.6,7,16.8,19.2,21.275,1109402,46370,1108740,1,0.0,0.0,0.0,0.0,0.0,9765.2,376,195304.0,195304.0,20.0,20.0,614.4,36.28,26.888571428571428,1.1921428571428572,15.184285714285714,84.99285714285713,91.06285714285714,1
2025-04-28,10059,0.817,8219,-1840,1,1,0.0,0.0,0.0,0.0,0.0,0.0,0.0,0.0,0.0,0.0,0.0,0.0,13656.0,12707.0,11419.0,0.0,0.0,0.0,0.0,0.0,0.0,0.0,0.0,20,85.94,50,11183,802.37,0.0,0.0,0.0,24,10,5,3,28.2,0,0.0,0.0,0.0,0.0,0.0,0.0,702.0,3,19.8,16.8,23.8,1108740,22811,1165740,1,0.0,0.0,0.0,0.0,0.0,9450.1,366,159183.40000000002,159183.40000000002,20.0,20.0,104.34,4.5,27.66,1.1792857142857145,16.07857142857143,84.675,85.84285714285714,0
2025-05-05,10722,0.847,9082,-1640,1,1,0.0,0.0,0.0,0.0,0.0,0.0,0.0,0.0,0.0,0.0,0.0,0.0,8219.0,13656.0,10916.0,0.0,0.0,0.0,0.0,0.0,0.0,0.0,0.0,18,69.91,35,10176,859.39,0.0,0.0,0.0,17,13,3,5,19.1,1,0.0,0.0,0.0,0.0,0.0,0.0,475.2,5,18.0,19.8,23.4,1165740,26546,1216205,1,0.0,0.0,0.0,0.0,0.0,9448.3,337,188966.0,188966.0,20.0,20.0,311.19,28.32,27.525714285714283,1.512857142857143,17.282857142857143,85.46571428571428,73.91714285714286,1
2025-05-12,12314,1.001,12324,10,1,1,0.0,0.0,0.0,0.0,0.0,0.0,0.0,0.0,0.0,0.0,0.0,0.0,9082.0,8219.0,10820.25,0.0,0.0,0.0,0.0,0.0,0.0,0.0,0.0,27,65.69,45,9030,440.45,0.0,0.0,0.0,21,8,4,3,27.7,0,0.0,0.0,0.0,0.0,0.0,0.0,471.9,3,14.4,18.0,24.725,1216205,50206,1230753,1,0.0,0.0,0.0,0.0,0.0,7959.4,311,108278.59999999999,108278.59999999999,20.0,20.0,327.81,17.5,27.497142857142855,1.2485714285714284,16.891428571428573,85.7,83.31714285714285,0
2025-05-19,12157,0.825,10024,-2133,1,1,0.0,0.0,0.0,0.0,0.0,0.0,0.0,0.0,0.0,0.0,0.0,0.0,12324.0,9082.0,9912.25,0.0,0.0,0.0,0.0,0.0,0.0,0.0,0.0,20,67.81,50,8662,798.08,0.0,0.0,0.0,15,10,4,5,18.7,0,0.0,0.0,0.0,0.0,0.0,0.0,432.1,5,14.3,14.4,23.425,1230753,31411,1270448,1,0.0,0.0,0.0,0.0,0.0,9021.5,360,125186.3,125186.3,20.0,20.0,133.86,6.76,27.356428571428573,1.3814285714285717,14.35,86.72285714285715,82.63857142857144,0
2025-05-26,11625,0.776,9020,-2605,1,1,0.0,0.0,0.0,0.0,0.0,0.0,0.0,0.0,0.0,0.0,0.0,0.0,10024.0,12324.0,10112.5,0.0,0.0,0.0,0.0,0.0,0.0,0.0,0.0,25,72.91,45,8749,678.11,0.0,0.0,0.0,18,8,4,6,28.1,0,0.0,0.0,0.0,0.0,0.0,0.0,423.0,6,14.9,14.3,23.4,1270448,21734,1281625,1,0.0,0.0,0.0,0.0,0.0,9686.8,352,171004.6,171004.6,20.0,20.0,722.46,37.65,27.02,1.3992857142857142,13.748571428571427,86.71857142857142,81.74285714285713,1
2025-06-02,11729,0.904,10600,-1129,1,1,0.0,0.0,0.0,0.0,0.0,0.0,0.0,0.0,0.0,0.0,0.0,0.0,9020.0,10024.0,10492.0,0.0,0.0,0.0,0.0,0.0,0.0,0.0,0.0,18,69.9,35,9603,820.29,0.0,0.0,0.0,18,12,5,4,18.6,0,0.0,0.0,0.0,0.0,0.0,0.0,507.5,4,14.1,14.9,23.275,1281625,28680,1301172,1,0.0,0.0,0.0,0.0,0.0,10032.9,370,190625.1,190625.1,19.0,19.0,207.3,25.74,26.762857142857143,1.8842857142857143,14.13285714285714,87.22857142857143,89.13571428571429,1
2025-06-09,10597,1.029,10903,306,1,1,0.0,0.0,0.0,0.0,0.0,0.0,0.0,0.0,0.0,0.0,0.0,0.0,10600.0,9020.0,10136.75,0.0,0.0,0.0,0.0,0.0,0.0,0.0,0.0,22,75.25,50,8484,440.36,0.0,0.0,0.0,19,9,3,3,18.2,0,0.0,0.0,0.0,0.0,0.0,0.0,582.8000000000001,3,14.5,14.1,20.9,1301172,38343,1312189,1,0.0,0.0,0.0,0.0,0.0,7133.6,275,117801.2,117801.2,20.0,20.0,366.06,27.84,27.17142857142857,1.612142857142857,16.852857142857143,87.80285714285714,80.21000000000001,1
2025-06-16,12060,0.95,11453,-607,1,1,0.0,0.0,0.0,0.0,0.0,0.0,0.0,0.0,0.0,0.0,0.0,0.0,10903.0,10600.0,10494.0,0.0,0.0,0.0,0.0,0.0,0.0,0.0,0.0,22,72.95,45,7679,827.77,0.0,0.0,0.0,21,13,5,9,26.4,0,0.0,0.0,0.0,0.0,0.0,0.0,690.3,9,18.8,14.5,22.825,1312189,43078,1304870,1,0.0,0.0,0.0,0.0,0.0,11178.8,412,163452.2,163452.2,20.0,20.0,661.83,66.99,26.65571428571429,1.3642857142857143,14.52,87.90642857142858,86.76285714285714,1
2025-06-23,11693,0.908,10618,-1075,1,1,0.0,0.0,0.0,0.0,0.0,0.0,0.0,0.0,0.0,0.0,0.0,0.0,11453.0,10903.0,10893.5,0.0,0.0,0.0,0.0,0.0,0.0,0.0,0.0,27,78.09,35,7866,722.21,0.0,0.0,0.0,21,9,5,9,30.0,0,0.0,0.0,0.0,0.0,0.0,0.0,672.0,9,17.7,18.8,23.3,1304870,31111,1338912,1,0.0,0.0,0.0,0.0,0.0,10492.4,398,158652.0,158652.0,20.0,20.0,11.79,0.96,26.52714285714286,1.665714285714286,15.118571428571428,86.65071428571429,86.75571428571429,0
2025-06-30,13891,0.752,10446,-3445,1,1,0.0,0.0,0.0,0.0,0.0,0.0,0.0,0.0,0.0,0.0,0.0,0.0,10618.0,11453.0,10855.0,0.0,0.0,0.0,0.0,0.0,0.0,0.0,0.0,30,82.42,45,7186,737.94,0.0,0.0,0.0,18,9,4,8,28.8,1,0.0,0.0,0.0,0.0,0.0,0.0,632.4,8,19.2,17.7,25.85,1338912,21802,1384614,1,0.0,0.0,0.0,0.0,0.0,8787.6,328,175752.0,175752.0,20.0,20.0,155.64,8.53,26.65571428571429,1.8628571428571428,16.715714285714284,87.99428571428572,79.86857142857143,0
2025-07-07,12627,0.923,11654,-973,1,1,0.0,0.0,0.0,0.0,0.0,0.0,0.0,0.0,0.0,0.0,0.0,0.0,10446.0,10618.0,11042.75,0.0,0.0,0.0,0.0,0.0,0.0,0.0,0.0,30,65.5,45,8037,1112.62,0.0,0.0,0.0,21,13,5,7,24.9,0,0.0,0.0,0.0,0.0,0.0,0.0,705.9000000000001,7,20.4,19.2,27.525,1384614,28120,1394649,1,0.0,0.0,0.0,0.0,0.0,8615.1,337,129288.5,129288.5,20.0,20.0,124.83,5.69,26.467857142857145,1.4285714285714286,15.752857142857144,86.01857142857143,81.17857142857143,0
2025-07-14,10363,1.047,10847,484,1,1,0.0,0.0,0.0,0.0,0.0,0.0,0.0,0.0,0.0,0.0,0.0,0.0,11654.0,10446.0,10891.25,0.0,0.0,0.0,0.0,0.0,0.0,0.0,0.0,21,75.94,45,9012,884.2,0.0,0.0,0.0,17,10,4,6,29.0,0,0.0,0.0,0.0,0.0,0.0,0.0,592.1,6,18.1,20.4,28.175,1394649,67025,1397008,1,0.0,0.0,0.0,0.0,0.0,9841.7,374,186992.30000000002,186992.30000000002,19.0,19.0,500.04,36.16,26.211428571428574,2.450714285714286,13.355714285714289,88.25928571428571,88.12857142857143,1
2025-07-21,10981,0.766,8413,-2568,1,1,0.0,0.0,0.0,0.0,0.0,0.0,0.0,0.0,0.0,0.0,0.0,0.0,10847.0,11654.0,10340.0,0.0,0.0,0.0,0.0,0.0,0.0,0.0,0.0,22,68.7,35,9213,717.65,0.0,0.0,0.0,20,12,3,3,18.1,0,0.0,0.0,0.0,0.0,0.0,0.0,675.5,3,19.1,18.1,25.2,1397008,41918,1432344,1,0.0,0.0,0.0,0.0,0.0,9516.3,365,180809.69999999998,180809.69999999998,19.0,19.0,10.56,0.75,26.797857142857143,1.9721428571428568,19.24142857142857,87.35499999999999,56.39428571428572,0
2025-07-28,10663,0.891,9501,-1162,1,1,0.0,0.0,0.0,0.0,0.0,0.0,0.0,0.0,0.0,0.0,0.0,0.0,8413.0,10847.0,10103.75,0.0,0.0,0.0,0.0,0.0,0.0,0.0,0.0,19,89.69,45,8658,528.96,0.0,0.0,0.0,16,8,4,9,29.7,1,0.0,0.0,0.0,0.0,0.0,0.0,464.80000000000007,9,19.3,19.1,25.425,1432344,50306,1432483,1,0.0,0.0,0.0,0.0,0.0,8049.900000000001,307,160998.0,160998.0,20.0,20.0,79.11,11.51,27.28,1.6328571428571428,17.005714285714287,87.34785714285715,59.13142857142857,0
2025-08-04,10529,1.01,10629,100,1,1,0.0,0.0,0.0,0.0,0.0,0.0,0.0,0.0,0.0,0.0,0.0,0.0,9501.0,8413.0,9847.5,0.0,0.0,0.0,0.0,0.0,0.0,0.0,0.0,19,67.24,50,8159,766.84,0.0,0.0,0.0,24,11,3,7,23.9,1,0.0,0.0,0.0,0.0,0.0,0.0,596.6,7,16.6,19.3,25.175,1432483,66843,1412286,1,0.0,0.0,0.0,0.0,0.0,10616.0,391,191114.6,191114.6,20.0,20.0,217.17,20.14,26.275714285714283,1.3757142857142857,13.935714285714289,86.27428571428571,83.3757142857143,0
2025-08-11,11038,0.964,10645,-393,1,1,0.0,0.0,0.0,0.0,0.0,0.0,0.0,0.0,0.0,0.0,0.0,0.0,10629.0,9501.0,9797.0,0.0,0.0,0.0,0.0,0.0,0.0,0.0,0.0,28,84.41,50,7752,638.74,0.0,0.0,0.0,23,8,4,9,26.7,0,0.0,0.0,0.0,0.0,0.0,0.0,539.0,9,15.7,16.6,24.6,1412286,45199,1428152,1,0.0,0.0,0.0,0.0,0.0,8722.1,330,155837.9,155837.9,20.0,20.0,394.41,49.18,26.185,1.8757142857142857,16.371428571428574,87.42642857142857,85.3157142857143,1
2025-08-18,12302,0.95,11687,-615,1,1,0.0,0.0,0.0,0.0,0.0,0.0,0.0,0.0,0.0,0.0,0.0,0.0,10645.0,10629.0,10615.5,0.0,0.0,0.0,0.0,0.0,0.0,0.0,0.0,24,65.84,50,7802,1181.8,0.0,0.0,0.0,19,11,5,3,27.9,0,0.0,0.0,0.0,0.0,0.0,0.0,553.0,3,15.4,15.7,27.05,1428152,36371,1463757,1,0.0,0.0,0.0,0.0,0.0,10459.7,390,134970.8,134970.8,20.0,20.0,238.74,21.11,25.94928571428571,1.6078571428571429,14.702857142857145,85.27785714285714,93.17285714285714,0
2025-08-25,11237,0.952,10695,-542,1,1,0.0,0.0,0.0,0.0,0.0,0.0,0.0,0.0,0.0,0.0,0.0,0.0,11687.0,10645.0,10914.0,0.0,0.0,0.0,0.0,0.0,0.0,0.0,0.0,18,85.81,35,8364,790.1,0.0,0.0,0.0,20,8,5,5,26.6,1,0.0,0.0,0.0,0.0,0.0,0.0,524.7,5,15.8,15.4,26.275,1463757,65936,1439656,1,0.0,0.0,0.0,0.0,0.0,11501.7,409,167786.5,167786.5,20.0,20.0,296.22,37.82,26.25785714285714,1.8057142857142856,14.074285714285717,87.57000000000001,88.61714285714285,1
2025-09-01,10306,0.839,8642,-1664,1,1,0.0,0.0,0.0,0.0,0.0,0.0,0.0,0.0,0.0,0.0,0.0,0.0,10695.0,11687.0,10417.25,0.0,0.0,0.0,0.0,0.0,0.0,0.0,0.0,18,67.05,45,9284,540.63,0.0,0.0,0.0,18,13,3,3,24.4,0,0.0,0.0,0.0,0.0,0.0,0.0,527.0,3,15.9,15.8,26.4,1439656,51616,1420089,1,0.0,0.0,0.0,0.0,0.0,9187.5,348,163690.5,163690.5,20.0,20.0,215.25,13.4,26.700000000000003,1.355,17.204285714285714,86.26928571428572,85.85428571428572,0
2025-09-08,13029,0.817,10643,-2386,1,1,0.0,0.0,0.0,0.0,0.0,0.0,0.0,0.0,0.0,0.0,0.0,0.0,8642.0,10695.0,10416.75,0.0,0.0,0.0,0.0,0.0,0.0,0.0,0.0,20,67.47,50,9336,543.11,0.0,0.0,0.0,24,12,3,8,23.7,0,0.0,0.0,0.0,0.0,0.0,0.0,783.9000000000001,8,15.5,15.9,25.65,1420089,67357,1420923,1,0.0,0.0,0.0,0.0,0.0,10015.8,372,141013.2,141013.2,20.0,20.0,652.83,54.81,26.247857142857143,1.6078571428571429,14.831428571428573,89.34357142857142,84.99571428571429,1
2025-09-15,11675,0.987,11524,-151,1,1,0.0,0.0,0.0,0.0,0.0,0.0,0.0,0.0,0.0,0.0,0.0,0.0,10643.0,8642.0,10376.0,0.0,0.0,0.0,0.0,0.0,0.0,0.0,0.0,24,90.87,50,9176,674.73,0.0,0.0,0.0,21,11,3,3,28.1,1,0.0,0.0,0.0,0.0,0.0,0.0,675.5,3,20.1,15.5,25.7,1420923,49855,1422000,1,0.0,0.0,0.0,0.0,0.0,9864.6,381,151145.2,151145.2,20.0,20.0,88.14,7.65,26.604285714285712,1.5278571428571428,17.34714285714286,86.995,86.9342857142857,0
2025-09-22,10282,0.987,10151,-131,1,1,0.0,0.0,0.0,0.0,0.0,0.0,0.0,0.0,0.0,0.0,0.0,0.0,11524.0,10643.0,10240.0,0.0,0.0,0.0,0.0,0.0,0.0,0.0,0.0,18,78.21,50,9775,1090.45,0.0,0.0,0.0,23,10,4,3,20.5,0,0.0,0.0,0.0,0.0,0.0,0.0,529.1,3,19.3,20.1,24.175,1422000,63016,1396142,1,0.0,0.0,0.0,0.0,0.0,6991.8,252,123946.8,123946.8,20.0,20.0,197.94,27.97,26.77214285714286,1.7892857142857144,18.525714285714287,86.39571428571428,81.53142857142858,1
2025-09-29,9709,1.006,9768,59,1,1,0.0,0.0,0.0,0.0,0.0,0.0,0.0,0.0,0.0,0.0,0.0,0.0,10151.0,11524.0,10521.5,0.0,0.0,0.0,0.0,0.0,0.0,0.0,0.0,27,68.25,50,9063,703.93,0.0,0.0,0.0,21,8,4,8,29.6,0,0.0,0.0,0.0,0.0,0.0,0.0,524.7,8,14.3,19.3,25.475,1396142,62642,1370900,1,0.0,0.0,0.0,0.0,0.0,10407.5,384,197742.5,197742.5,19.0,19.0,67.98,7.92,27.10333333333333,1.4983333333333333,19.61,85.565,20.936666666666667,0
