week_start,eta,etd,ship_size,jetty_id,loading_rate_tph,est_loading_hours,weather_delay_h,queue_delay_h,planned_load,stock_after_loading_ton,stock_coverage_weeks,shortage_flag,rolling_sum_inflow_4w,rolling_sum_outflow_4w,cumulative_deficit,weekly_truck_supply_ton,truck_to_ship_utilization,supply_alignment_ratio,estimated_queue_hours,reassign_flag,supply_alignment_ratio_lag1,heavy_rain_flag,wind_alert_flag,weather_index,weather_lag1,weather_trend_4w,jetty_weather_index,ship_required_ton,stock_after_vs_demand,ship_to_stock_ratio,reallocation_needed_flag,queued_ships_estimate
2023-01-02,1672876800,1672956000,55000,1,2500,22.0,0,0,55000,,,,,,,,,,,,,,,,,,,55000,,,0,
2023-01-02,1672704000,1672797600,65000,1,2500,26.0,0,0,65000,,,,,,,,,,,,,,,,,,,65000,,,0,
2023-01-09,1673481600,1673632800,65000,1,2500,26.0,12,4,65000,,,,,,,,,,,,,,,,,,,65000,,,0,
2023-01-09,1673308800,1673395200,60000,1,2500,24.0,0,0,60000,,,,,,,,,,,,,,,,,,,60000,,,0,
2023-01-09,1673308800,1673388000,55000,1,2500,22.0,0,0,55000,,,,,,,,,,,,,,,,,,,55000,,,0,
2023-01-16,1674086400,1674180000,65000,1,2500,26.0,0,0,65000,,,,,,,,,,,,,,,,,,,65000,,,0,
2023-01-16,1674000000,1674079200,55000,1,2500,22.0,0,0,55000,,,,,,,,,,,,,,,,,,,55000,,,0,
2023-01-23,1674518400,1674597600,55000,1,2500,22.0,0,0,55000,,,,,,,,,,,,,,,,,,,55000,,,0,
2023-01-23,1674691200,1674770400,55000,1,2500,22.0,0,0,55000,,,,,,,,,,,,,,,,,,,55000,,,0,
2023-01-30,1675296000,1675382400,60000,1,2500,24.0,0,0,60000,,,,,,,,,,,,,,,,,,,60000,,,0,
2023-01-30,1675036800,1675130400,65000,1,2500,26.0,0,0,65000,,,,,,,,,,,,,,,,,,,65000,,,0,
2023-01-30,1675296000,1675382400,60000,1,2500,24.0,0,0,60000,,,,,,,,,,,,,,,,,,,60000,,,0,
2023-02-06,1675641600,1675728000,60000,1,2500,24.0,0,0,60000,,,,,,,,,,,,,,,,,,,60000,,,0,
2023-02-06,1675641600,1675735200,65000,1,2500,26.0,0,0,65000,,,,,,,,,,,,,,,,,,,65000,,,0,
2023-02-13,1676505600,1676599200,65000,1,2500,26.0,0,0,65000,,,,,,,,,,,,,,,,,,,65000,,,0,
2023-02-13,1676246400,1676340000,65000,1,2500,26.0,0,0,65000,,,,,,,,,,,,,,,,,,,65000,,,0,
2023-02-20,1676851200,1676937600,60000,1,2500,24.0,0,0,60000,,,,,,,,,,,,,,,,,,,60000,,,0,
2023-02-20,1676851200,1676944800,65000,1,2500,26.0,0,0,65000,,,,,,,,,,,,,,,,,,,65000,,,0,
2023-02-27,1677456000,1677549600,65000,1,2500,26.0,0,0,65000,,,,,,,,,,,,,,,,,,,65000,,,0,
2023-02-27,1677628800,1677715200,60000,1,2500,24.0,0,0,60000,,,,,,,,,,,,,,,,,,,60000,,,0,
2023-03-06,1678320000,1678420800,55000,1,2500,22.0,6,0,55000,,,,,,,,,,,,,,,,,,,55000,,,0,
2023-03-06,1678060800,1678147200,60000,1,2500,24.0,0,0,60000,,,,,,,,,,,,,,,,,,,60000,,,0,
2023-03-06,1678060800,1678140000,55000,1,2500,22.0,0,0,55000,,,,,,,,,,,,,,,,,,,55000,,,0,
2023-03-13,1678752000,1678831200,55000,1,2500,22.0,0,0,55000,,,,,,,,,,,,,,,,,,,55000,,,0,
2023-03-13,1678924800,1679011200,60000,1,2500,24.0,0,0,60000,,,,,,,,,,,,,,,,,,,60000,,,0,
2023-03-20,1679529600,1679608800,55000,1,2500,22.0,0,0,55000,,,,,,,,,,,,,,,,,,,55000,,,0,
2023-03-20,1679270400,1679356800,60000,1,2500,24.0,0,0,60000,,,,,,,,,,,,,,,,,,,60000,,,0,
2023-03-27,1680048000,1680134400,60000,1,2500,24.0,0,0,60000,,,,,,,,,,,,,,,,,,,60000,,,0,
2023-03-27,1679961600,1680040800,55000,1,2500,22.0,0,0,55000,,,,,,,,,,,,,,,,,,,55000,,,0,
2023-04-03,1680480000,1680559200,55000,1,2500,22.0,0,0,55000,,,,,,,,,,,,,,,,,,,55000,,,0,
2023-04-03,1680566400,1680652800,60000,1,2500,24.0,0,0,60000,,,,,,,,,,,,,,,,,,,60000,,,0,
2023-04-10,1681171200,1681293600,55000,1,2500,22.0,12,0,55000,,,,,,,,,,,,,,,,,,,55000,,,0,
2023-04-10,1681344000,1681437600,65000,1,2500,26.0,0,0,65000,,,,,,,,,,,,,,,,,,,65000,,,0,
2023-04-10,1681344000,1681423200,55000,1,2500,22.0,0,0,55000,,,,,,,,,,,,,,,,,,,55000,,,0,
2023-04-17,1681948800,1682028000,55000,1,2500,22.0,0,0,55000,,,,,,,,,,,,,,,,,,,55000,,,0,
2023-04-17,1681862400,1681970400,65000,1,2500,26.0,0,4,65000,,,,,,,,,,,,,,,,,,,65000,,,0,
2023-04-17,1681948800,1682042400,65000,1,2500,26.0,0,0,65000,,,,,,,,,,,,,,,,,,,65000,,,0,
2023-04-24,1682553600,1682632800,55000,1,2500,22.0,0,0,55000,,,,,,,,,,,,,,,,,,,55000,,,0,
2023-04-24,1682467200,1682553600,60000,1,2500,24.0,0,0,60000,,,,,,,,,,,,,,,,,,,60000,,,0,
2023-04-24,1682553600,1682661600,55000,1,2500,22.0,0,8,55000,,,,,,,,,,,,,,,,,,,55000,,,0,
2023-05-01,1683072000,1683201600,65000,1,2500,26.0,6,4,65000,,,,,,,,,,,,,,,,,,,65000,,,0,
2023-05-01,1683158400,1683237600,55000,1,2500,22.0,0,0,55000,,,,,,,,,,,,,,,,,,,55000,,,0,
2023-05-08,1683763200,1683849600,60000,1,2500,24.0,0,0,60000,,,,,,,,,,,,,,,,,,,60000,,,0,
2023-05-08,1683504000,1683590400,60000,1,2500,24.0,0,0,60000,,,,,,,,,,,,,,,,,,,60000,,,0,
2023-05-08,1683763200,1683842400,55000,1,2500,22.0,0,0,55000,,,,,,,,,,,,,,,,,,,55000,,,0,
2023-05-15,1684368000,1684461600,65000,1,2500,26.0,0,0,65000,,,,,,,,,,,,,,,,,,,65000,,,0,
2023-05-15,1684281600,1684375200,65000,1,2500,26.0,0,0,65000,,,,,,,,,,,,,,,,,,,65000,,,0,
2023-05-22,1684713600,1684821600,65000,1,2500,26.0,0,4,65000,,,,,,,,,,,,,,,,,,,65000,,,0,
2023-05-22,1684800000,1684879200,55000,1,2500,22.0,0,0,55000,,,,,,,,,,,,,,,,,,,55000,,,0,
2023-05-22,1684713600,1684807200,65000,1,2500,26.0,0,0,65000,,,,,,,,,,,,,,,,,,,65000,,,0,
2023-05-29,1685491200,1685570400,55000,1,2500,22.0,0,0,55000,,,,,,,,,,,,,,,,,,,55000,,,0,
2023-06-05,1686182400,1686290400,65000,1,2500,26.0,0,4,65000,,,,,,,,,,,,,,,,,,,65000,,,0,
2023-06-05,1686009600,1686103200,65000,1,2500,26.0,0,0,65000,,,,,,,,,,,,,,,,,,,65000,,,0,
2023-06-12,1686700800,1686787200,60000,1,2500,24.0,0,0,60000,,,,,,,,,,,,,,,,,,,60000,,,0,
2023-06-12,1686787200,1686866400,55000,1,2500,22.0,0,0,55000,,,,,,,,,,,,,,,,,,,55000,,,0,
2023-06-12,1686614400,1686708000,65000,1,2500,26.0,0,0,65000,,,,,,,,,,,,,,,,,,,65000,,,0,
2023-06-19,1687219200,1687312800,65000,1,2500,26.0,0,0,65000,,,,,,,,,,,,,,,,,,,65000,,,0,
2023-06-19,1687392000,1687500000,60000,1,2500,24.0,6,0,60000,,,,,,,,,,,,,,,,,,,60000,,,0,
2023-06-19,1687392000,1687478400,60000,1,2500,24.0,0,0,60000,,,,,,,,,,,,,,,,,,,60000,,,0,
2023-06-26,1687737600,1687824000,60000,1,2500,24.0,0,0,60000,,,,,,,,,,,,,,,,,,,60000,,,0,
2023-07-03,1688601600,1688724000,55000,1,2500,22.0,12,0,55000,,,,,,,,,,,,,,,,,,,55000,,,0,
2023-07-03,1688428800,1688508000,55000,1,2500,22.0,0,0,55000,,,,,,,,,,,,,,,,,,,55000,,,0,
2023-07-10,1689206400,1689300000,65000,1,2500,26.0,0,0,65000,,,,,,,,,,,,,,,,,,,65000,,,0,
2023-07-10,1689033600,1689112800,55000,1,2500,22.0,0,0,55000,,,,,,,,,,,,,,,,,,,55000,,,0,
2023-07-17,1689638400,1689724800,60000,1,2500,24.0,0,0,60000,,,,,,,,,,,,,,,,,,,60000,,,0,
2023-07-17,1689811200,1689919200,55000,1,2500,22.0,0,8,55000,,,,,,,,,,,,,,,,,,,55000,,,0,
2023-07-24,1690416000,1690509600,65000,1,2500,26.0,0,0,65000,,,,,,,,,,,,,,,,,,,65000,,,0,
2023-07-24,1690243200,1690336800,65000,1,2500,26.0,0,0,65000,,,,,,,,,,,,,,,,,,,65000,,,0,
2023-07-31,1690934400,1691056800,55000,1,2500,22.0,12,0,55000,,,,,,,,,,,,,,,,,,,55000,,,0,
2023-07-31,1691020800,1691128800,60000,1,2500,24.0,6,0,60000,,,,,,,,,,,,,,,,,,,60000,,,0,
2023-08-07,1691452800,1691532000,55000,1,2500,22.0,0,0,55000,,,,,,,,,,,,,,,,,,,55000,,,0,
2023-08-07,1691452800,1691568000,65000,1,2500,26.0,6,0,65000,,,,,,,,,,,,,,,,,,,65000,,,0,
2023-08-07,1691625600,1691719200,55000,1,2500,22.0,0,4,55000,,,,,,,,,,,,,,,,,,,55000,,,0,
2023-08-14,1691971200,1692064800,65000,1,2500,26.0,0,0,65000,,,,,,,,,,,,,,,,,,,65000,,,0,
2023-08-14,1691971200,1692072000,55000,1,2500,22.0,6,0,55000,,,,,,,,,,,,,,,,,,,55000,,,0,
2023-08-14,1691971200,1692050400,55000,1,2500,22.0,0,0,55000,,,,,,,,,,,,,,,,,,,55000,,,0,
2023-08-21,1692748800,1692835200,60000,1,2500,24.0,0,0,60000,,,,,,,,,,,,,,,,,,,60000,,,0,
2023-08-21,1692576000,1692684000,60000,1,2500,24.0,6,0,60000,,,,,,,,,,,,,,,,,,,60000,,,0,
2023-08-21,1692662400,1692756000,65000,1,2500,26.0,0,0,65000,,,,,,,,,,,,,,,,,,,65000,,,0,
2023-08-28,1693353600,1693461600,55000,1,2500,22.0,0,8,55000,,,,,,,,,,,,,,,,,,,55000,,,0,
2023-08-28,1693440000,1693526400,60000,1,2500,24.0,0,0,60000,,,,,,,,,,,,,,,,,,,60000,,,0,
2023-09-04,1694044800,1694145600,60000,1,2500,24.0,0,4,60000,,,,,,,,,,,,,,,,,,,60000,,,0,
2023-09-04,1694044800,1694124000,55000,1,2500,22.0,0,0,55000,,,,,,,,,,,,,,,,,,,55000,,,0,
2023-09-11,1694476800,1694556000,55000,1,2500,22.0,0,0,55000,,,,,,,,,,,,,,,,,,,55000,,,0,
2023-09-18,1695168000,1695319200,55000,1,2500,22.0,12,8,55000,,,,,,,,,,,,,,,,,,,55000,,,0,
2023-09-18,1695168000,1695254400,60000,1,2500,24.0,0,0,60000,,,,,,,,,,,,,,,,,,,60000,,,0,
2023-09-25,1695859200,1695988800,65000,1,2500,26.0,6,4,65000,,,,,,,,,,,,,,,,,,,65000,,,0,
2023-10-02,1696204800,1696298400,65000,1,2500,26.0,0,0,65000,,,,,,,,,,,,,,,,,,,65000,,,0,
2023-10-02,1696464000,1696543200,55000,1,2500,22.0,0,0,55000,,,,,,,,,,,,,,,,,,,55000,,,0,
2023-10-02,1696377600,1696478400,60000,1,2500,24.0,0,4,60000,,,,,,,,,,,,,,,,,,,60000,,,0,
2023-10-09,1696896000,1696975200,55000,1,2500,22.0,0,0,55000,,,,,,,,,,,,,,,,,,,55000,,,0,
2023-10-09,1696809600,1696903200,55000,1,2500,22.0,0,4,55000,,,,,,,,,,,,,,,,,,,55000,,,0,
2023-10-09,1696809600,1696896000,60000,1,2500,24.0,0,0,60000,,,,,,,,,,,,,,,,,,,60000,,,0,
2023-10-16,1697414400,1697500800,60000,1,2500,24.0,0,0,60000,,,,,,,,,,,,,,,,,,,60000,,,0,
2023-10-23,1698192000,1698271200,55000,1,2500,22.0,0,0,55000,,,,,,,,,,,,,,,,,,,55000,,,0,
2023-10-23,1698019200,1698112800,65000,1,2500,26.0,0,0,65000,,,,,,,,,,,,,,,,,,,65000,,,0,
2023-10-30,1698710400,1698840000,60000,1,2500,24.0,12,0,60000,,,,,,,,,,,,,,,,,,,60000,,,0,
2023-11-06,1699488000,1699567200,55000,1,2500,22.0,0,0,55000,,,,,,,,,,,,,,,,,,,55000,,,0,
2023-11-06,1699401600,1699495200,55000,1,2500,22.0,0,4,55000,,,,,,,,,,,,,,,,,,,55000,,,0,
2023-11-13,1700092800,1700172000,55000,1,2500,22.0,0,0,55000,,,,,,,,,,,,,,,,,,,55000,,,0,
2023-11-20,1700697600,1700784000,60000,1,2500,24.0,0,0,60000,,,,,,,,,,,,,,,,,,,60000,,,0,
2023-11-20,1700611200,1700697600,60000,1,2500,24.0,0,0,60000,,,,,,,,,,,,,,,,,,,60000,,,0,
2023-11-20,1700438400,1700532000,55000,1,2500,22.0,0,4,55000,,,,,,,,,,,,,,,,,,,55000,,,0,
2023-11-27,1701302400,1701396000,55000,1,2500,22.0,0,4,55000,,,,,,,,,,,,,,,,,,,55000,,,0,
2023-11-27,1701129600,1701223200,65000,1,2500,26.0,0,0,65000,,,,,,,,,,,,,,,,,,,65000,,,0,
2023-12-04,1701734400,1701828000,65000,1,2500,26.0,0,0,65000,,,,,,,,,,,,,,,,,,,65000,,,0,
2023-12-04,1701734400,1701849600,65000,1,2500,26.0,6,0,65000,,,,,,,,,,,,,,,,,,,65000,,,0,
2023-12-11,1702425600,1702504800,55000,1,2500,22.0,0,0,55000,,,,,,,,,,,,,,,,,,,55000,,,0,
2023-12-11,1702252800,1702368000,65000,1,2500,26.0,6,0,65000,,,,,,,,,,,,,,,,,,,65000,,,0,
2023-12-18,1702857600,1702944000,60000,1,2500,24.0,0,0,60000,,,,,,,,,,,,,,,,,,,60000,,,0,
2023-12-25,1703721600,1703808000,60000,1,2500,24.0,0,0,60000,,,,,,,,,,,,,,,,,,,60000,,,0,
2023-12-25,1703548800,1703649600,60000,1,2500,24.0,0,4,60000,,,,,,,,,,,,,,,,,,,60000,,,0,
2024-01-01,1704326400,1704405600,55000,1,2500,22.0,0,0,55000,,,,,,,,,,,,,,,,,,,55000,,,0,
2024-01-01,1704240000,1704333600,65000,1,2500,26.0,0,0,65000,,,,,,,,,,,,,,,,,,,65000,,,0,
2024-01-08,1704758400,1704859200,60000,1,2500,24.0,0,4,60000,,,,,,,,,,,,,,,,,,,60000,,,0,
2024-01-08,1704931200,1705010400,55000,1,2500,22.0,0,0,55000,,,,,,,,,,,,,,,,,,,55000,,,0,
2024-01-08,1704844800,1704952800,60000,1,2500,24.0,6,0,60000,,,,,,,,,,,,,,,,,,,60000,,,0,
2024-01-15,1705276800,1705363200,60000,1,2500,24.0,0,0,60000,,,,,,,,,,,,,,,,,,,60000,,,0,
2024-01-15,1705363200,1705442400,55000,1,2500,22.0,0,0,55000,,,,,,,,,,,,,,,,,,,55000,,,0,
2024-01-15,1705449600,1705543200,65000,1,2500,26.0,0,0,65000,,,,,,,,,,,,,,,,,,,65000,,,0,
2024-01-22,1705968000,1706047200,55000,1,2500,22.0,0,0,55000,,,,,,,,,,,,,,,,,,,55000,,,0,
2024-01-22,1705968000,1706047200,55000,1,2500,22.0,0,0,55000,,,,,,,,,,,,,,,,,,,55000,,,0,
2024-01-29,1706572800,1706652000,55000,1,2500,22.0,0,0,55000,,,,,,,,,,,,,,,,,,,55000,,,0,
2024-01-29,1706745600,1706832000,60000,1,2500,24.0,0,0,60000,,,,,,,,,,,,,,,,,,,60000,,,0,
2024-01-29,1706659200,1706738400,55000,1,2500,22.0,0,0,55000,,,,,,,,,,,,,,,,,,,55000,,,0,
2024-02-05,1707091200,1707213600,55000,1,2500,22.0,12,0,55000,,,,,,,,,,,,,,,,,,,55000,,,0,
2024-02-05,1707350400,1707436800,60000,1,2500,24.0,0,0,60000,,,,,,,,,,,,,,,,,,,60000,,,0,
2024-02-12,1707696000,1707782400,60000,1,2500,24.0,0,0,60000,,,,,,,,,,,,,,,,,,,60000,,,0,
2024-02-12,1707868800,1707962400,65000,1,2500,26.0,0,0,65000,,,,,,,,,,,,,,,,,,,65000,,,0,
2024-02-12,1707782400,1707868800,60000,1,2500,24.0,0,0,60000,,,,,,,,,,,,,,,,,,,60000,,,0,
2024-02-19,1708560000,1708668000,60000,1,2500,24.0,6,0,60000,,,,,,,,,,,,,,,,,,,60000,,,0,
2024-02-19,1708387200,1708466400,55000,1,2500,22.0,0,0,55000,,,,,,,,,,,,,,,,,,,55000,,,0,
2024-02-26,1708905600,1708984800,55000,1,2500,22.0,0,0,55000,,,,,,,,,,,,,,,,,,,55000,,,0,
2024-02-26,1709078400,1709157600,55000,1,2500,22.0,0,0,55000,,,,,,,,,,,,,,,,,,,55000,,,0,
2024-03-04,1709596800,1709683200,60000,1,2500,24.0,0,0,60000,,,,,,,,,,,,,,,,,,,60000,,,0,
2024-03-04,1709510400,1709589600,55000,1,2500,22.0,0,0,55000,,,,,,,,,,,,,,,,,,,55000,,,0,
2024-03-04,1709769600,1709856000,60000,1,2500,24.0,0,0,60000,,,,,,,,,,,,,,,,,,,60000,,,0,
2024-03-11,1710115200,1710208800,65000,1,2500,26.0,0,0,65000,,,,,,,,,,,,,,,,,,,65000,,,0,
2024-03-11,1710374400,1710482400,65000,1,2500,26.0,0,4,65000,,,,,,,,,,,,,,,,,,,65000,,,0,
2024-03-18,1710806400,1710892800,60000,1,2500,24.0,0,0,60000,,,,,,,,,,,,,,,,,,,60000,,,0,
2024-03-18,1710720000,1710806400,60000,1,2500,24.0,0,0,60000,,,,,,,,,,,,,,,,,,,60000,,,0,
2024-03-25,1711584000,1711677600,55000,1,2500,22.0,0,4,55000,,,,,,,,,,,,,,,,,,,55000,,,0,
2024-03-25,1711411200,1711512000,55000,1,2500,22.0,6,0,55000,,,,,,,,,,,,,,,,,,,55000,,,0,
2024-04-01,1711929600,1712016000,60000,1,2500,24.0,0,0,60000,,,,,,,,,,,,,,,,,,,60000,,,0,
2024-04-01,1712188800,1712296800,60000,1,2500,24.0,6,0,60000,,,,,,,,,,,,,,,,,,,60000,,,0,
2024-04-08,1712534400,1712613600,55000,1,2500,22.0,0,0,55000,,,,,,,,,,,,,,,,,,,55000,,,0,
2024-04-08,1712707200,1712815200,60000,1,2500,24.0,6,0,60000,,,,,,,,,,,,,,,,,,,60000,,,0,
2024-04-15,1713225600,1713326400,55000,1,2500,22.0,6,0,55000,,,,,,,,,,,,,,,,,,,55000,,,0,
2024-04-15,1713312000,1713405600,55000,1,2500,22.0,0,4,55000,,,,,,,,,,,,,,,,,,,55000,,,0,
2024-04-15,1713398400,1713492000,65000,1,2500,26.0,0,0,65000,,,,,,,,,,,,,,,,,,,65000,,,0,
2024-04-22,1713744000,1713837600,55000,1,2500,22.0,0,4,55000,,,,,,,,,,,,,,,,,,,55000,,,0,
2024-04-22,1713744000,1713823200,55000,1,2500,22.0,0,0,55000,,,,,,,,,,,,,,,,,,,55000,,,0,
2024-04-29,1714435200,1714528800,65000,1,2500,26.0,0,0,65000,,,,,,,,,,,,,,,,,,,65000,,,0,
2024-04-29,1714348800,1714428000,55000,1,2500,22.0,0,0,55000,,,,,,,,,,,,,,,,,,,55000,,,0,
2024-04-29,1714348800,1714442400,65000,1,2500,26.0,0,0,65000,,,,,,,,,,,,,,,,,,,65000,,,0,
2024-05-06,1715212800,1715299200,60000,1,2500,24.0,0,0,60000,,,,,,,,,,,,,,,,,,,60000,,,0,
2024-05-06,1715212800,1715299200,60000,1,2500,24.0,0,0,60000,,,,,,,,,,,,,,,,,,,60000,,,0,
2024-05-13,1715558400,1715637600,55000,1,2500,22.0,0,0,55000,,,,,,,,,,,,,,,,,,,55000,,,0,
2024-05-13,1715644800,1715731200,60000,1,2500,24.0,0,0,60000,,,,,,,,,,,,,,,,,,,60000,,,0,
2024-05-20,1716336000,1716429600,65000,1,2500,26.0,0,0,65000,,,,,,,,,,,,,,,,,,,65000,,,0,
2024-05-20,1716163200,1716256800,55000,1,2500,22.0,0,4,55000,,,,,,,,,,,,,,,,,,,55000,,,0,
2024-05-27,1716940800,1717034400,65000,1,2500,26.0,0,0,65000,,,,,,,,,,,,,,,,,,,65000,,,0,
2024-06-03,1717459200,1717560000,60000,1,2500,24.0,0,4,60000,,,,,,,,,,,,,,,,,,,60000,,,0,
2024-06-10,1718236800,1718330400,65000,1,2500,26.0,0,0,65000,,,,,,,,,,,,,,,,,,,65000,,,0,
2024-06-17,1718668800,1718776800,60000,1,2500,24.0,6,0,60000,,,,,,,,,,,,,,,,,,,60000,,,0,
2024-06-17,1718668800,1718762400,65000,1,2500,26.0,0,0,65000,,,,,,,,,,,,,,,,,,,65000,,,0,
2024-06-24,1719187200,1719273600,60000,1,2500,24.0,0,0,60000,,,,,,,,,,,,,,,,,,,60000,,,0,
2024-06-24,1719360000,1719460800,55000,1,2500,22.0,6,0,55000,,,,,,,,,,,,,,,,,,,55000,,,0,
2024-07-01,1719878400,1719972000,65000,1,2500,26.0,0,0,65000,,,,,,,,,,,,,,,,,,,65000,,,0,
2024-07-01,1719964800,1720051200,60000,1,2500,24.0,0,0,60000,,,,,,,,,,,,,,,,,,,60000,,,0,
2024-07-08,1720396800,1720476000,55000,1,2500,22.0,0,0,55000,,,,,,,,,,,,,,,,,,,55000,,,0,
2024-07-08,1720483200,1720605600,55000,1,2500,22.0,12,0,55000,,,,,,,,,,,,,,,,,,,55000,,,0,
2024-07-08,1720656000,1720742400,60000,1,2500,24.0,0,0,60000,,,,,,,,,,,,,,,,,,,60000,,,0,
2024-07-15,1721001600,1721095200,55000,1,2500,22.0,0,4,55000,,,,,,,,,,,,,,,,,,,55000,,,0,
2024-07-15,1721088000,1721174400,60000,1,2500,24.0,0,0,60000,,,,,,,,,,,,,,,,,,,60000,,,0,
2024-07-22,1721779200,1721865600,60000,1,2500,24.0,0,0,60000,,,,,,,,,,,,,,,,,,,60000,,,0,
2024-07-22,1721692800,1721772000,55000,1,2500,22.0,0,0,55000,,,,,,,,,,,,,,,,,,,55000,,,0,
2024-07-22,1721606400,1721685600,55000,1,2500,22.0,0,0,55000,,,,,,,,,,,,,,,,,,,55000,,,0,
2024-07-29,1722297600,1722384000,60000,1,2500,24.0,0,0,60000,,,,,,,,,,,,,,,,,,,60000,,,0,
2024-07-29,1722297600,1722391200,65000,1,2500,26.0,0,0,65000,,,,,,,,,,,,,,,,,,,65000,,,0,
2024-08-05,1722988800,1723082400,65000,1,2500,26.0,0,0,65000,,,,,,,,,,,,,,,,,,,65000,,,0,
2024-08-05,1722816000,1722909600,65000,1,2500,26.0,0,0,65000,,,,,,,,,,,,,,,,,,,65000,,,0,
2024-08-05,1722988800,1723125600,60000,1,2500,24.0,6,8,60000,,,,,,,,,,,,,,,,,,,60000,,,0,
2024-08-12,1723420800,1723521600,60000,1,2500,24.0,0,4,60000,,,,,,,,,,,,,,,,,,,60000,,,0,
2024-08-12,1723593600,1723680000,60000,1,2500,24.0,0,0,60000,,,,,,,,,,,,,,,,,,,60000,,,0,
2024-08-12,1723420800,1723528800,65000,1,2500,26.0,0,4,65000,,,,,,,,,,,,,,,,,,,65000,,,0,
2024-08-19,1724025600,1724119200,65000,1,2500,26.0,0,0,65000,,,,,,,,,,,,,,,,,,,65000,,,0,
2024-08-19,1724284800,1724364000,55000,1,2500,22.0,0,0,55000,,,,,,,,,,,,,,,,,,,55000,,,0,
2024-08-26,1724716800,1724839200,60000,1,2500,24.0,6,4,60000,,,,,,,,,,,,,,,,,,,60000,,,0,
2024-09-02,1725321600,1725415200,65000,1,2500,26.0,0,0,65000,,,,,,,,,,,,,,,,,,,65000,,,0,
2024-09-02,1725235200,1725328800,65000,1,2500,26.0,0,0,65000,,,,,,,,,,,,,,,,,,,65000,,,0,
2024-09-09,1725926400,1726005600,55000,1,2500,22.0,0,0,55000,,,,,,,,,,,,,,,,,,,55000,,,0,
2024-09-09,1725926400,1726005600,55000,1,2500,22.0,0,0,55000,,,,,,,,,,,,,,,,,,,55000,,,0,
2024-09-09,1725840000,1725919200,55000,1,2500,22.0,0,0,55000,,,,,,,,,,,,,,,,,,,55000,,,0,
2024-09-16,1726704000,1726797600,55000,1,2500,22.0,0,4,55000,,,,,,,,,,,,,,,,,,,55000,,,0,
2024-09-16,1726531200,1726610400,55000,1,2500,22.0,0,0,55000,,,,,,,,,,,,,,,,,,,55000,,,0,
2024-09-23,1727136000,1727244000,65000,1,2500,26.0,0,4,65000,,,,,,,,,,,,,,,,,,,65000,,,0,
2024-09-23,1727049600,1727143200,55000,1,2500,22.0,0,4,55000,,,,,,,,,,,,,,,,,,,55000,,,0,
2024-09-23,1727222400,1727337600,65000,1,2500,26.0,6,0,65000,,,,,,,,,,,,,,,,,,,65000,,,0,
2024-09-30,1727740800,1727827200,60000,1,2500,24.0,0,0,60000,,,,,,,,,,,,,,,,,,,60000,,,0,
2024-09-30,1727913600,1728007200,65000,1,2500,26.0,0,0,65000,,,,,,,,,,,,,,,,,,,65000,,,0,
2024-09-30,1727654400,1727748000,65000,1,2500,26.0,0,0,65000,,,,,,,,,,,,,,,,,,,65000,,,0,
2024-10-07,1728518400,1728597600,55000,1,2500,22.0,0,0,55000,,,,,,,,,,,,,,,,,,,55000,,,0,
2024-10-07,1728259200,1728352800,65000,1,2500,26.0,0,0,65000,,,,,,,,,,,,,,,,,,,65000,,,0,
2024-10-14,1728950400,1729036800,60000,1,2500,24.0,0,0,60000,,,,,,,,,,,,,,,,,,,60000,,,0,
2024-10-14,1729036800,1729159200,55000,1,2500,22.0,12,0,55000,,,,,,,,,,,,,,,,,,,55000,,,0,
2024-10-21,1729468800,1729591200,65000,1,2500,26.0,0,8,65000,,,,,,,,,,,,,,,,,,,65000,,,0,
2024-10-28,1730073600,1730167200,65000,1,2500,26.0,0,0,65000,,,,,,,,,,,,,,,,,,,65000,,,0,
2024-10-28,1730332800,1730462400,60000,1,2500,24.0,12,0,60000,,,,,,,,,,,,,,,,,,,60000,,,0,
2024-10-28,1730160000,1730246400,60000,1,2500,24.0,0,0,60000,,,,,,,,,,,,,,,,,,,60000,,,0,
2024-11-04,1730937600,1731024000,60000,1,2500,24.0,0,0,60000,,,,,,,,,,,,,,,,,,,60000,,,0,
2024-11-04,1730937600,1731031200,65000,1,2500,26.0,0,0,65000,,,,,,,,,,,,,,,,,,,65000,,,0,
2024-11-11,1731456000,1731564000,65000,1,2500,26.0,0,4,65000,,,,,,,,,,,,,,,,,,,65000,,,0,
2024-11-11,1731456000,1731542400,60000,1,2500,24.0,0,0,60000,,,,,,,,,,,,,,,,,,,60000,,,0,
2024-11-11,1731283200,1731362400,55000,1,2500,22.0,0,0,55000,,,,,,,,,,,,,,,,,,,55000,,,0,
2024-11-18,1731974400,1732089600,60000,1,2500,24.0,0,8,60000,,,,,,,,,,,,,,,,,,,60000,,,0,
2024-11-18,1732060800,1732168800,65000,1,2500,26.0,0,4,65000,,,,,,,,,,,,,,,,,,,65000,,,0,
2024-11-25,1732665600,1732752000,60000,1,2500,24.0,0,0,60000,,,,,,,,,,,,,,,,,,,60000,,,0,
2024-11-25,1732492800,1732572000,55000,1,2500,22.0,0,0,55000,,,,,,,,,,,,,,,,,,,55000,,,0,
2024-12-02,1733097600,1733191200,65000,1,2500,26.0,0,0,65000,,,,,,,,,,,,,,,,,,,65000,,,0,
2024-12-02,1733270400,1733349600,55000,1,2500,22.0,0,0,55000,,,,,,,,,,,,,,,,,,,55000,,,0,
2024-12-02,1733184000,1733292000,55000,1,2500,22.0,0,8,55000,,,,,,,,,,,,,,,,,,,55000,,,0,
2024-12-09,1733875200,1733983200,55000,1,2500,22.0,0,8,55000,,,,,,,,,,,,,,,,,,,55000,,,0,
2024-12-09,1733702400,1733810400,55000,1,2500,22.0,0,8,55000,,,,,,,,,,,,,,,,,,,55000,,,0,
2024-12-16,1734566400,1734681600,65000,1,2500,26.0,6,0,65000,,,,,,,,,,,,,,,,,,,65000,,,0,
2024-12-23,1734912000,1734998400,60000,1,2500,24.0,0,0,60000,,,,,,,,,,,,,,,,,,,60000,,,0,
2024-12-23,1734912000,1734998400,60000,1,2500,24.0,0,0,60000,,,,,,,,,,,,,,,,,,,60000,,,0,
2024-12-30,1735689600,1735768800,55000,1,2500,22.0,0,0,55000,,,,,,,,,,,,,,,,,,,55000,,,0,
2024-12-30,1735689600,1735804800,60000,1,2500,24.0,0,8,60000,,,,,,,,,,,,,,,,,,,60000,,,0,
2025-01-06,1736380800,1736474400,65000,1,2500,26.0,0,0,65000,,,,,,,,,,,,,,,,,,,65000,,,0,
2025-01-06,1736121600,1736208000,60000,1,2500,24.0,0,0,60000,,,,,,,,,,,,,,,,,,,60000,,,0,
2025-01-13,1736985600,1737122400,55000,1,2500,22.0,12,4,55000,,,,,,,,,,,,,,,,,,,55000,,,0,
2025-01-13,1736726400,1736820000,65000,1,2500,26.0,0,0,65000,,,,,,,,,,,,,,,,,,,65000,,,0,
2025-01-20,1737590400,1737684000,65000,1,2500,26.0,0,0,65000,,,,,,,,,,,,,,,,,,,65000,,,0,
2025-01-20,1737331200,1737432000,55000,1,2500,22.0,6,0,55000,,,,,,,,,,,,,,,,,,,55000,,,0,
2025-01-27,1738022400,1738116000,65000,1,2500,26.0,0,0,65000,,,,,,,,,,,,,,,,,,,65000,,,0,
2025-01-27,1737936000,1738015200,55000,1,2500,22.0,0,0,55000,,,,,,,,,,,,,,,,,,,55000,,,0,
2025-02-03,1738713600,1738807200,65000,1,2500,26.0,0,0,65000,,,,,,,,,,,,,,,,,,,65000,,,0,
2025-02-03,1738540800,1738627200,60000,1,2500,24.0,0,0,60000,,,,,,,,,,,,,,,,,,,60000,,,0,
2025-02-10,1739318400,1739412000,55000,1,2500,22.0,0,4,55000,,,,,,,,,,,,,,,,,,,55000,,,0,
2025-02-10,1739232000,1739347200,65000,1,2500,26.0,6,0,65000,,,,,,,,,,,,,,,,,,,65000,,,0,
2025-02-17,1739836800,1739916000,55000,1,2500,22.0,0,0,55000,,,,,,,,,,,,,,,,,,,55000,,,0,
2025-02-17,1740009600,1740103200,55000,1,2500,22.0,0,4,55000,,,,,,,,,,,,,,,,,,,55000,,,0,
2025-02-24,1740355200,1740456000,60000,1,2500,24.0,0,4,60000,,,,,,,,,,,,,,,,,,,60000,,,0,
2025-02-24,1740528000,1740607200,55000,1,2500,22.0,0,0,55000,,,,,,,,,,,,,,,,,,,55000,,,0,
2025-03-03,1741046400,1741183200,65000,1,2500,26.0,12,0,65000,,,,,,,,,,,,,,,,,,,65000,,,0,
2025-03-03,1741219200,1741312800,65000,1,2500,26.0,0,0,65000,,,,,,,,,,,,,,,,,,,65000,,,0,
2025-03-03,1741132800,1741226400,55000,1,2500,22.0,0,4,55000,,,,,,,,,,,,,,,,,,,55000,,,0,
2025-03-10,1741737600,1741838400,60000,1,2500,24.0,0,4,60000,,,,,,,,,,,,,,,,,,,60000,,,0,
2025-03-10,1741737600,1741831200,55000,1,2500,22.0,0,4,55000,,,,,,,,,,,,,,,,,,,55000,,,0,
2025-03-10,1741737600,1741824000,60000,1,2500,24.0,0,0,60000,,,,,,,,,,,,,,,,,,,60000,,,0,
2025-03-17,1742169600,1742270400,60000,1,2500,24.0,0,4,60000,,,,,,,,,,,,,,,,,,,60000,,,0,
2025-03-17,1742428800,1742508000,55000,1,2500,22.0,0,0,55000,,,,,,,,,,,,,,,,,,,55000,,,0,
2025-03-24,1742947200,1743026400,55000,1,2500,22.0,0,0,55000,,,,,,,,,,,,,,,,,,,55000,,,0,
2025-03-24,1742947200,1743040800,55000,1,2500,22.0,0,4,55000,,,,,,,,,,,,,,,,,,,55000,,,0,
2025-03-31,1743552000,1743638400,60000,1,2500,24.0,0,0,60000,,,,,,,,,,,,,,,,,,,60000,,,0,
2025-03-31,1743552000,1743652800,60000,1,2500,24.0,0,4,60000,,,,,,,,,,,,,,,,,,,60000,,,0,
2025-04-07,1743984000,1744070400,60000,1,2500,24.0,0,0,60000,,,,,,,,,,,,,,,,,,,60000,,,0,
2025-04-07,1744243200,1744322400,55000,1,2500,22.0,0,0,55000,,,,,,,,,,,,,,,,,,,55000,,,0,
2025-04-14,1744588800,1744696800,55000,1,2500,22.0,0,8,55000,,,,,,,,,,,,,,,,,,,55000,,,0,
2025-04-14,1744588800,1744668000,55000,1,2500,22.0,0,0,55000,,,,,,,,,,,,,,,,,,,55000,,,0,
2025-04-14,1744761600,1744862400,60000,1,2500,24.0,0,4,60000,,,,,,,,,,,,,,,,,,,60000,,,0,
2025-04-21,1745193600,1745287200,65000,1,2500,26.0,0,0,65000,,,,,,,,,,,,,,,,,,,65000,,,0,
2025-04-21,1745193600,1745280000,60000,1,2500,24.0,0,0,60000,,,,,,,,,,,,,,,,,,,60000,,,0,
2025-04-21,1745452800,1745532000,55000,1,2500,22.0,0,0,55000,,,,,,,,,,,,,,,,,,,55000,,,0,
2025-04-28,1745798400,1745892000,55000,1,2500,22.0,0,4,55000,,,,,,,,,,,,,,,,,,,55000,,,0,
2025-04-28,1745884800,1746014400,60000,1,2500,24.0,12,0,60000,,,,,,,,,,,,,,,,,,,60000,,,0,
2025-04-28,1745884800,1745971200,60000,1,2500,24.0,0,0,60000,,,,,,,,,,,,,,,,,,,60000,,,0,
2025-05-05,1746576000,1746669600,55000,1,2500,22.0,0,4,55000,,,,,,,,,,,,,,,,,,,55000,,,0,
2025-05-05,1746576000,1746684000,65000,1,2500,26.0,0,4,65000,,,,,,,,,,,,,,,,,,,65000,,,0,
2025-05-05,1746489600,1746576000,60000,1,2500,24.0,0,0,60000,,,,,,,,,,,,,,,,,,,60000,,,0,
2025-05-12,1747267200,1747353600,60000,1,2500,24.0,0,0,60000,,,,,,,,,,,,,,,,,,,60000,,,0,
2025-05-12,1747008000,1747094400,60000,1,2500,24.0,0,0,60000,,,,,,,,,,,,,,,,,,,60000,,,0,
2025-05-19,1747612800,1747720800,55000,1,2500,22.0,0,8,55000,,,,,,,,,,,,,,,,,,,55000,,,0,
2025-05-19,1747872000,1747951200,55000,1,2500,22.0,0,0,55000,,,,,,,,,,,,,,,,,,,55000,,,0,
2025-05-19,1747785600,1747872000,60000,1,2500,24.0,0,0,60000,,,,,,,,,,,,,,,,,,,60000,,,0,
2025-05-26,1748217600,1748311200,65000,1,2500,26.0,0,0,65000,,,,,,,,,,,,,,,,,,,65000,,,0,
2025-05-26,1748217600,1748304000,60000,1,2500,24.0,0,0,60000,,,,,,,,,,,,,,,,,,,60000,,,0,
2025-05-26,1748304000,1748383200,55000,1,2500,22.0,0,0,55000,,,,,,,,,,,,,,,,,,,55000,,,0,
2025-06-02,1749081600,1749160800,55000,1,2500,22.0,0,0,55000,,,,,,,,,,,,,,,,,,,55000,,,0,
2025-06-09,1749513600,1749600000,60000,1,2500,24.0,0,0,60000,,,,,,,,,,,,,,,,,,,60000,,,0,
2025-06-09,1749427200,1749520800,65000,1,2500,26.0,0,0,65000,,,,,,,,,,,,,,,,,,,65000,,,0,
2025-06-16,1750204800,1750334400,60000,1,2500,24.0,12,0,60000,,,,,,,,,,,,,,,,,,,60000,,,0,
2025-06-16,1750032000,1750132800,60000,1,2500,24.0,0,4,60000,,,,,,,,,,,,,,,,,,,60000,,,0,
2025-06-16,1750204800,1750291200,60000,1,2500,24.0,0,0,60000,,,,,,,,,,,,,,,,,,,60000,,,0,
2025-06-23,1750636800,1750744800,65000,1,2500,26.0,0,4,65000,,,,,,,,,,,,,,,,,,,65000,,,0,
2025-06-23,1750636800,1750730400,65000,1,2500,26.0,0,0,65000,,,,,,,,,,,,,,,,,,,65000,,,0,
2025-06-23,1750809600,1750924800,65000,1,2500,26.0,6,0,65000,,,,,,,,,,,,,,,,,,,65000,,,0,
2025-06-30,1751328000,1751428800,55000,1,2500,22.0,6,0,55000,,,,,,,,,,,,,,,,,,,55000,,,0,
2025-06-30,1751500800,1751580000,55000,1,2500,22.0,0,0,55000,,,,,,,,,,,,,,,,,,,55000,,,0,
2025-07-07,1751846400,1751940000,65000,1,2500,26.0,0,0,65000,,,,,,,,,,,,,,,,,,,65000,,,0,
2025-07-07,1751932800,1752033600,60000,1,2500,24.0,0,4,60000,,,,,,,,,,,,,,,,,,,60000,,,0,
2025-07-14,1752451200,1752544800,65000,1,2500,26.0,0,0,65000,,,,,,,,,,,,,,,,,,,65000,,,0,
2025-07-14,1752451200,1752530400,55000,1,2500,22.0,0,0,55000,,,,,,,,,,,,,,,,,,,55000,,,0,
2025-07-21,1753315200,1753452000,65000,1,2500,26.0,12,0,65000,,,,,,,,,,,,,,,,,,,65000,,,0,
2025-07-21,1753056000,1753149600,65000,1,2500,26.0,0,0,65000,,,,,,,,,,,,,,,,,,,65000,,,0,
2025-07-21,1753315200,1753401600,60000,1,2500,24.0,0,0,60000,,,,,,,,,,,,,,,,,,,60000,,,0,
2025-07-28,1753747200,1753833600,60000,1,2500,24.0,0,0,60000,,,,,,,,,,,,,,,,,,,60000,,,0,
2025-07-28,1753833600,1753934400,55000,1,2500,22.0,6,0,55000,,,,,,,,,,,,,,,,,,,55000,,,0,
2025-07-28,1753747200,1753848000,55000,1,2500,22.0,6,0,55000,,,,,,,,,,,,,,,,,,,55000,,,0,
2025-08-04,1754352000,1754467200,55000,1,2500,22.0,6,4,55000,,,,,,,,,,,,,,,,,,,55000,,,0,
2025-08-04,1754438400,1754517600,55000,1,2500,22.0,0,0,55000,,,,,,,,,,,,,,,,,,,55000,,,0,
2025-08-04,1754524800,1754611200,60000,1,2500,24.0,0,0,60000,,,,,,,,,,,,,,,,,,,60000,,,0,
2025-08-11,1754956800,1755057600,60000,1,2500,24.0,0,4,60000,,,,,,,,,,,,,,,,,,,60000,,,0,
2025-08-11,1754870400,1754949600,55000,1,2500,22.0,0,0,55000,,,,,,,,,,,,,,,,,,,55000,,,0,
2025-08-11,1755129600,1755216000,60000,1,2500,24.0,0,0,60000,,,,,,,,,,,,,,,,,,,60000,,,0,
2025-08-18,1755561600,1755662400,60000,1,2500,24.0,0,4,60000,,,,,,,,,,,,,,,,,,,60000,,,0,
2025-08-18,1755475200,1755561600,60000,1,2500,24.0,0,0,60000,,,,,,,,,,,,,,,,,,,60000,,,0,
2025-08-18,1755734400,1755820800,60000,1,2500,24.0,0,0,60000,,,,,,,,,,,,,,,,,,,60000,,,0,
2025-08-25,1756080000,1756159200,55000,1,2500,22.0,0,0,55000,,,,,,,,,,,,,,,,,,,55000,,,0,
2025-08-25,1756252800,1756360800,65000,1,2500,26.0,0,4,65000,,,,,,,,,,,,,,,,,,,65000,,,0,
2025-09-01,1756857600,1756936800,55000,1,2500,22.0,0,0,55000,,,,,,,,,,,,,,,,,,,55000,,,0,
2025-09-01,1756684800,1756764000,55000,1,2500,22.0,0,0,55000,,,,,,,,,,,,,,,,,,,55000,,,0,
2025-09-08,1757462400,1757556000,65000,1,2500,26.0,0,0,65000,,,,,,,,,,,,,,,,,,,65000,,,0,
2025-09-08,1757548800,1757664000,65000,1,2500,26.0,6,0,65000,,,,,,,,,,,,,,,,,,,65000,,,0,
2025-09-15,1758067200,1758160800,55000,1,2500,22.0,0,4,55000,,,,,,,,,,,,,,,,,,,55000,,,0,
2025-09-15,1758067200,1758146400,55000,1,2500,22.0,0,0,55000,,,,,,,,,,,,,,,,,,,55000,,,0,
2025-09-15,1758153600,1758247200,55000,1,2500,22.0,0,4,55000,,,,,,,,,,,,,,,,,,,55000,,,0,
2025-09-22,1758758400,1758844800,60000,1,2500,24.0,0,0,60000,,,,,,,,,,,,,,,,,,,60000,,,0,
2025-09-22,1758758400,1758844800,60000,1,2500,24.0,0,0,60000,,,,,,,,,,,,,,,,,,,60000,,,0,
2025-09-29,1759276800,1759370400,55000,1,2500,22.0,0,4,55000,,,,,,,,,,,,,,,,,,,55000,,,0,
2025-09-29,1759190400,1759269600,55000,1,2500,22.0,0,0,55000,,,,,,,,,,,,,,,,,,,55000,,,0,
2025-10-06,1759881600,1759989600,60000,1,2500,24.0,6,0,60000,,,,,,,,,,,,,,,,,,,60000,,,0,
2025-10-06,1759708800,1759816800,65000,1,2500,26.0,0,4,65000,,,,,,,,,,,,,,,,,,,65000,,,0,
2025-10-13,1760572800,1760652000,55000,1,2500,22.0,0,0,55000,,,,,,,,,,,,,,,,,,,55000,,,0,
2025-10-13,1760486400,1760580000,65000,1,2500,26.0,0,0,65000,,,,,,,,,,,,,,,,,,,65000,,,0,
2025-10-13,1760313600,1760407200,65000,1,2500,26.0,0,0,65000,,,,,,,,,,,,,,,,,,,65000,,,0,
2025-10-20,1760918400,1761012000,65000,1,2500,26.0,0,0,65000,,,,,,,,,,,,,,,,,,,65000,,,0,
2025-10-20,1761091200,1761184800,65000,1,2500,26.0,0,0,65000,,,,,,,,,,,,,,,,,,,65000,,,0,
2025-10-20,1760918400,1761040800,55000,1,2500,22.0,12,0,55000,,,,,,,,,,,,,,,,,,,55000,,,0,
2025-10-27,1761609600,1761703200,65000,1,2500,26.0,0,0,65000,,,,,,,,,,,,,,,,,,,65000,,,0,
2025-10-27,1761696000,1761811200,65000,1,2500,26.0,6,0,65000,,,,,,,,,,,,,,,,,,,65000,,,0,
2025-11-03,1762214400,1762308000,65000,1,2500,26.0,0,0,65000,,,,,,,,,,,,,,,,,,,65000,,,0,
2025-11-03,1762387200,1762480800,65000,1,2500,26.0,0,0,65000,,,,,,,,,,,,,,,,,,,65000,,,0,
2025-11-03,1762300800,1762394400,55000,1,2500,22.0,0,4,55000,,,,,,,,,,,,,,,,,,,55000,,,0,
2025-11-10,1762992000,1763071200,55000,1,2500,22.0,0,0,55000,,,,,,,,,,,,,,,,,,,55000,,,0,
2025-11-10,1762992000,1763071200,55000,1,2500,22.0,0,0,55000,,,,,,,,,,,,,,,,,,,55000,,,0,
2025-11-17,1763424000,1763510400,60000,1,2500,24.0,0,0,60000,,,,,,,,,,,,,,,,,,,60000,,,0,
2025-11-17,1763596800,1763726400,60000,1,2500,24.0,12,0,60000,,,,,,,,,,,,,,,,,,,60000,,,0,
2025-11-17,1763510400,1763604000,65000,1,2500,26.0,0,0,65000,,,,,,,,,,,,,,,,,,,65000,,,0,
2025-11-24,1764115200,1764237600,55000,1,2500,22.0,12,0,55000,,,,,,,,,,,,,,,,,,,55000,,,0,
2025-11-24,1764028800,1764151200,55000,1,2500,22.0,12,0,55000,,,,,,,,,,,,,,,,,,,55000,,,0,
2025-12-01,1764806400,1764885600,55000,1,2500,22.0,0,0,55000,,,,,,,,,,,,,,,,,,,55000,,,0,
2025-12-01,1764633600,1764727200,65000,1,2500,26.0,0,0,65000,,,,,,,,,,,,,,,,,,,65000,,,0,
2025-12-01,1764806400,1764892800,60000,1,2500,24.0,0,0,60000,,,,,,,,,,,,,,,,,,,60000,,,0,
2025-12-08,1765238400,1765339200,55000,1,2500,22.0,6,0,55000,,,,,,,,,,,,,,,,,,,55000,,,0,
2025-12-08,1765324800,1765418400,65000,1,2500,26.0,0,0,65000,,,,,,,,,,,,,,,,,,,65000,,,0,
2025-12-15,1765843200,1765936800,65000,1,2500,26.0,0,0,65000,,,,,,,,,,,,,,,,,,,65000,,,0,
2025-12-15,1766016000,1766102400,60000,1,2500,24.0,0,0,60000,,,,,,,,,,,,,,,,,,,60000,,,0,
2025-12-22,1766534400,1766656800,60000,1,2500,24.0,6,4,60000,,,,,,,,,,,,,,,,,,,60000,,,0,
2025-12-22,1766620800,1766714400,65000,1,2500,26.0,0,0,65000,,,,,,,,,,,,,,,,,,,65000,,,0,
2025-12-29,1767139200,1767268800,60000,1,2500,24.0,12,0,60000,,,,,,,,,,,,,,,,,,,60000,,,0,
2025-12-29,1767052800,1767132000,55000,1,2500,22.0,0,0,55000,,,,,,,,,,,,,,,,,,,55000,,,0,
2025-12-29,1767139200,1767261600,60000,1,2500,24.0,6,4,60000,,,,,,,,,,,,,,,,,,,60000,,,0,
2023-01-16,1674000000,1674177600,60000,2,1800,33.33,12,4,60000,,,,,,,,,,,,,,,,,,,60000,,,0,
2023-02-06,1675641600,1675761600,60000,2,1800,33.33,0,0,60000,,,,,,,,,,,,,,,,,,,60000,,,0,
2023-03-13,1678665600,1678795600,65000,2,1800,36.11,0,0,65000,,,,,,,,,,,,,,,,,,,65000,,,0,
2023-05-01,1683158400,1683268400,55000,2,1800,30.56,0,0,55000,,,,,,,,,,,,,,,,,,,55000,,,0,
2023-05-29,1685577600,1685719200,60000,2,1800,33.33,6,0,60000,,,,,,,,,,,,,,,,,,,60000,,,0,
2023-05-29,1685318400,1685457200,55000,2,1800,30.56,0,8,55000,,,,,,,,,,,,,,,,,,,55000,,,0,
2023-06-26,1687824000,1687990000,65000,2,1800,36.11,6,4,65000,,,,,,,,,,,,,,,,,,,65000,,,0,
2023-07-10,1689206400,1689316400,55000,2,1800,30.56,0,0,55000,,,,,,,,,,,,,,,,,,,55000,,,0,
2023-09-11,1694390400,1694524800,60000,2,1800,33.33,0,4,60000,,,,,,,,,,,,,,,,,,,60000,,,0,
2023-09-25,1695772800,1695954800,55000,2,1800,30.56,12,8,55000,,,,,,,,,,,,,,,,,,,55000,,,0,
2023-10-16,1697587200,1697707200,60000,2,1800,33.33,0,0,60000,,,,,,,,,,,,,,,,,,,60000,,,0,
2023-10-30,1698624000,1698765600,60000,2,1800,33.33,6,0,60000,,,,,,,,,,,,,,,,,,,60000,,,0,
2023-11-13,1700006400,1700148000,60000,2,1800,33.33,6,0,60000,,,,,,,,,,,,,,,,,,,60000,,,0,
2023-12-18,1702944000,1703054000,55000,2,1800,30.56,0,0,55000,,,,,,,,,,,,,,,,,,,55000,,,0,
2024-01-01,1704240000,1704398800,65000,2,1800,36.11,0,8,65000,,,,,,,,,,,,,,,,,,,65000,,,0,
2024-02-05,1707177600,1707307600,65000,2,1800,36.11,0,0,65000,,,,,,,,,,,,,,,,,,,65000,,,0,
2024-03-25,1711324800,1711444800,60000,2,1800,33.33,0,0,60000,,,,,,,,,,,,,,,,,,,60000,,,0,
2024-05-27,1716768000,1716898000,65000,2,1800,36.11,0,0,65000,,,,,,,,,,,,,,,,,,,65000,,,0,
2024-06-03,1717545600,1717665600,60000,2,1800,33.33,0,0,60000,,,,,,,,,,,,,,,,,,,60000,,,0,
2024-06-10,1718236800,1718346800,55000,2,1800,30.56,0,0,55000,,,,,,,,,,,,,,,,,,,55000,,,0,
2024-06-10,1718236800,1718346800,55000,2,1800,30.56,0,0,55000,,,,,,,,,,,,,,,,,,,55000,,,0,
2024-08-26,1724889600,1725019600,65000,2,1800,36.11,0,0,65000,,,,,,,,,,,,,,,,,,,65000,,,0,
2024-09-16,1726444800,1726596400,65000,2,1800,36.11,6,0,65000,,,,,,,,,,,,,,,,,,,65000,,,0,
2024-10-21,1729728000,1729848000,60000,2,1800,33.33,0,0,60000,,,,,,,,,,,,,,,,,,,60000,,,0,
2024-12-16,1734393600,1734566800,65000,2,1800,36.11,12,0,65000,,,,,,,,,,,,,,,,,,,65000,,,0,
2025-01-20,1737417600,1737552000,60000,2,1800,33.33,0,4,60000,,,,,,,,,,,,,,,,,,,60000,,,0,
2025-02-17,1739836800,1739966800,65000,2,1800,36.11,0,0,65000,,,,,,,,,,,,,,,,,,,65000,,,0,
2025-02-24,1740355200,1740475200,60000,2,1800,33.33,0,0,60000,,,,,,,,,,,,,,,,,,,60000,,,0,
2025-03-31,1743638400,1743791600,55000,2,1800,30.56,12,0,55000,,,,,,,,,,,,,,,,,,,55000,,,0,
2025-06-02,1749081600,1749216000,60000,2,1800,33.33,0,4,60000,,,,,,,,,,,,,,,,,,,60000,,,0,
2025-06-02,1748908800,1749038800,65000,2,1800,36.11,0,0,65000,,,,,,,,,,,,,,,,,,,65000,,,0,
2025-06-30,1751500800,1751630800,65000,2,1800,36.11,0,0,65000,,,,,,,,,,,,,,,,,,,65000,,,0,
2025-09-29,1759104000,1759224000,60000,2,1800,33.33,0,0,60000,,,,,,,,,,,,,,,,,,,60000,,,0,
